row_id,priority,dis_type,event_id,event_name,article_date,article_title,article_url,article_text,lab_h,lab_z,arb_label,arb_note
1,1,h=?/z=1,black_sea_grain_exit_2023,Russia exits Black Sea Grain Initiative,2023-04-24,ar AA1aeL09,https://www.msn.com/en-us/news/world/russias-war-on-ukraine-latest-russia-warns-grain-deal-in-peril/ar-AA1aeL09,ar AA1aeL09,?,1,1,
2,1,h=?/z=1,black_sea_grain_exit_2023,Russia exits Black Sea Grain Initiative,2023-05-17,1691239018,https://www.belfasttelegraph.co.uk/news/world-news/russia-agrees-to-extend-ukraine-grain-deal-in-boost-for-global-food-security/1691239018.html,1691239018,?,1,1,
3,1,h=?/z=1,covid_supply_disruption_2020,COVID-19 global supply chain disruption,2020-01-20,article 821d5348 2d77 5df5 9434 128815a9b16f,https://www.heraldmailmedia.com/news/nation/wuhan-pneumonia-outbreak-widens-with-china-increasing-screening/article_821d5348-2d77-5df5-9434-128815a9b16f.html,article 821d5348 2d77 5df5 9434 128815a9b16f,?,1,1,
4,1,h=?/z=1,covid_supply_disruption_2020,COVID-19 global supply chain disruption,2020-01-22,1830298,https://www.malaymail.com/news/world/2020/01/22/health-officials-confirm-first-us-case-of-china-coronavirus-expand-screenin/1830298,1830298,?,1,1,
5,1,h=?/z=1,covid_supply_disruption_2020,COVID-19 global supply chain disruption,2020-01-22,18900524,https://www.wral.com/first-wuhan-coronavirus-patient-identified-in-the-united-states/18900524/,18900524,?,1,1,
6,1,h=?/z=1,hurricane_maria_2017,Hurricane Maria hits Puerto Rico (pharma manufacturing),2017-09-19,861049,http://www.financialexpress.com/world-news/hurricane-maria-gathers-more-strength-on-course-through-eastern-caribbean/861049/,861049,?,1,1,
7,1,h=?/z=1,hurricane_maria_2017,Hurricane Maria hits Puerto Rico (pharma manufacturing),2017-09-19,622535211,http://www.krdo.com/news/national-international-news/hurricane-maria-poses-new-threat-to-debtladen-puerto-rico/622535211,622535211,?,1,1,
8,1,h=?/z=1,hurricane_maria_2017,Hurricane Maria hits Puerto Rico (pharma manufacturing),2017-09-19,680049001,http://www.azcentral.com/story/news/world/2017/09/19/hurricane-maria-devastation/680049001/,680049001,?,1,1,
9,1,h=?/z=1,hurricane_maria_2017,Hurricane Maria hits Puerto Rico (pharma manufacturing),2017-09-19,445573073,http://www.startribune.com/hurricane-maria-month-s-2nd-cat-5-storm-lashes-at-dominica/445573073/,445573073,?,1,1,
10,1,h=?/z=1,hurricane_maria_2017,Hurricane Maria hits Puerto Rico (pharma manufacturing),2017-09-19,622301694,http://www.wfmz.com/weather/extremely-dangerous-hurricane-maria-heading-for-dominica-puerto-rico/622301694,622301694,?,1,1,
11,1,h=?/z=1,russia_ukraine_war_2022,Russia's full-scale invasion of Ukraine,2022-02-05,article 5516579c 032c 57e4 b47f b0c4b1e63624,https://www.ivpressonline.com/news/world/french-german-leaders-to-visit-russia-ukraine-amid-tension/article_5516579c-032c-57e4-b47f-b0c4b1e63624.html,article 5516579c 032c 57e4 b47f b0c4b1e63624,?,1,1,
12,1,h=?/z=1,russia_ukraine_war_2022,Russia's full-scale invasion of Ukraine,2022-02-11,article 9232edda 2edb 50be 8cea 8ece8f2cff9c,https://www.gjsentinel.com/news/us/uks-johnson-cites-a-dangerous-moment-in-ukraine-crisis/article_9232edda-2edb-50be-8cea-8ece8f2cff9c.html,article 9232edda 2edb 50be 8cea 8ece8f2cff9c,?,1,1,
13,1,h=?/z=1,russia_ukraine_war_2022,Russia's full-scale invasion of Ukraine,2022-02-13,article bee8fc4c 1c0b 55ae b39c d77ca84667da,https://www.ncnewsonline.com/news/national/biden-warns-putin-of-severe-costs-of-ukraine-invasion/article_bee8fc4c-1c0b-55ae-b39c-d77ca84667da.html,article bee8fc4c 1c0b 55ae b39c d77ca84667da,?,1,1,
14,1,h=?/z=1,russia_ukraine_war_2022,Russia's full-scale invasion of Ukraine,2022-02-16,article 45bdb1bd 36c0 5d8b 964c c63224d2323d,https://omaha.com/news/national/govt-and-politics/senators-issue-bipartisan-support-for-ukraine-warn-russia/article_45bdb1bd-36c0-5d8b-964c-c63224d2323d.html,article 45bdb1bd 36c0 5d8b 964c c63224d2323d,?,1,1,
15,1,h=?/z=1,russia_ukraine_war_2022,Russia's full-scale invasion of Ukraine,2022-02-23,0,https://www.qatarday.com/News/canada-announces-first-round-of-economic-sanctions-on-russia-over-ukraine-crisis/13205/0,0,?,1,1,
16,1,h=?/z=1,taiwan_strait_crisis_2022,Taiwan Strait crisis (Pelosi visit and PLA drills),2021-07-29,ar AA104B4O,https://www.msn.com/en-us/news/world/pelosi-leading-delegation-to-asia-friday-with-taiwan-visit-still-undecided/ar-AA104B4O,ar AA104B4O,?,1,1,
17,1,h=?/z=1,us_china_tariff_war_2018,US Section 301 tariffs on China (trade war round 1),2018-05-15,482605221,http://www.startribune.com/minnesota-med-tech-industry-seeks-china-tariff-relief/482605221/,482605221,?,1,1,
18,1,h=?/z=1,us_china_tariff_war_2018,US Section 301 tariffs on China (trade war round 1),2018-06-14,866006,https://www.newsmax.com/politics/donald-trump-trade-advisers-china-tariffs-trade/2018/06/13/id/866006/,866006,?,1,1,
19,1,h=?/z=1,us_china_tariff_war_2018,US Section 301 tariffs on China (trade war round 1),2018-06-20,article 23c13f6f 2e59 5b10 8b23 9798e3516901,https://www.delaware1059.com/news/national/nebraska-corn-farmers-oppose-trump-s-tariffs-on-china/article_23c13f6f-2e59-5b10-8b23-9798e3516901.html,article 23c13f6f 2e59 5b10 8b23 9798e3516901,?,1,1,
20,1,h=?/z=1,us_china_tariff_war_2018,US Section 301 tariffs on China (trade war round 1),2018-07-04,1281827992,https://www.mystateline.com/news/local-pork-producers-worry-trade-war-tariffs-could-hurt-business/1281827992,1281827992,?,1,1,
21,1,h=?/z=1,us_chip_export_controls_2022,US semiconductor export controls on China,2022-04-30,ar AAWLtqv,https://www.msn.com/en-us/news/technology/countries-will-solve-the-chip-crisis-by-working-together-not-by-acting-alone/ar-AAWLtqv,ar AAWLtqv,?,1,1,
22,2,h=0/z=1,beirut_port_explosion_2020,Beirut port ammonium-nitrate explosion,2020-03-26,beirut looks to rewire broken economy,https://www.meed.com/beirut-looks-to-rewire-broken-economy,beirut looks to rewire broken economy,0,1,1,
23,2,h=0/z=1,beirut_port_explosion_2020,Beirut port ammonium-nitrate explosion,2020-07-17,Protesters gather at Beirut 39 Martyrs square called forth by retired military servicemen,http://nna-leb.gov.lb/en/show-news/117924/Protesters-gather-at-Beirut-39-Martyrs-square-called-forth-by-retired-military-servicemen,Protesters gather at Beirut 39 Martyrs square called forth by retired military servicemen,0,1,1,
24,2,h=1/z=0,black_sea_grain_exit_2023,Russia exits Black Sea Grain Initiative,2023-03-05,Turkey says it is working to renew Black Sea grain deal  43165181,https://www.marketscreener.com/news/latest/Turkey-says-it-is-working-to-renew-Black-Sea-grain-deal--43165181/,Turkey says it is working to renew Black Sea grain deal  43165181,1,0,1,
25,2,h=1/z=0,black_sea_grain_exit_2023,Russia exits Black Sea Grain Initiative,2023-03-19,UN Confirms Prolongation Of Ukrainian Grain Initiative,https://menafn.com/1105808600/UN-Confirms-Prolongation-Of-Ukrainian-Grain-Initiative,UN Confirms Prolongation Of Ukrainian Grain Initiative,1,0,1,
26,2,h=1/z=0,black_sea_grain_exit_2023,Russia exits Black Sea Grain Initiative,2023-04-21,hungary calls on eu to protect cee farmers from ukraine grain glut,https://www.polandsun.com/news/273767475/hungary-calls-on-eu-to-protect-cee-farmers-from-ukraine-grain-glut,hungary calls on eu to protect cee farmers from ukraine grain glut,1,0,1,
27,2,h=1/z=0,black_sea_grain_exit_2023,Russia exits Black Sea Grain Initiative,2023-04-28,talks underway in turkey on ukraines grain exports grain deal,https://www.laprensalatina.com/talks-underway-in-turkey-on-ukraines-grain-exports-grain-deal/,talks underway in turkey on ukraines grain exports grain deal,1,0,1,
28,2,h=1/z=0,black_sea_grain_exit_2023,Russia exits Black Sea Grain Initiative,2023-06-06,eu executive extends ukraine grain import restrictions,https://kelo.com/2023/06/05/eu-executive-extends-ukraine-grain-import-restrictions/,eu executive extends ukraine grain import restrictions,1,0,1,
29,2,h=1/z=0,black_sea_grain_exit_2023,Russia exits Black Sea Grain Initiative,2023-06-06,eu restrictions on ukraine grain imports extended to sept 15,https://www.straitstimes.com/world/europe/eu-restrictions-on-ukraine-grain-imports-extended-to-sept-15,eu restrictions on ukraine grain imports extended to sept 15,1,0,1,
30,2,h=1/z=0,black_sea_grain_exit_2023,Russia exits Black Sea Grain Initiative,2023-07-15,no fertilizer exported from russia under grain deal media,https://www.europesun.com/news/273900001/no-fertilizer-exported-from-russia-under-grain-deal-media,no fertilizer exported from russia under grain deal media,1,0,1,
31,2,h=1/z=0,covid_supply_disruption_2020,COVID-19 global supply chain disruption,2020-01-17,china coronavirus spreads japan thailand 2020 1,https://www.businessinsider.com/china-coronavirus-spreads-japan-thailand-2020-1,china coronavirus spreads japan thailand 2020 1,1,0,1,
32,2,h=1/z=0,covid_supply_disruption_2020,COVID-19 global supply chain disruption,2020-01-21,coronavirus china over 200 cases human human transmission,https://www.wxxinews.org/post/coronavirus-china-over-200-cases-human-human-transmission,coronavirus china over 200 cases human human transmission,1,0,1,
33,2,h=1/z=0,covid_supply_disruption_2020,COVID-19 global supply chain disruption,2020-01-22,wuhan virus mystery virus that has killed 6 triggered worry 6228950,https://indianexpress.com/article/explained/wuhan-virus-mystery-virus-that-has-killed-6-triggered-worry-6228950/,wuhan virus mystery virus that has killed 6 triggered worry 6228950,1,0,1,
34,2,h=1/z=0,covid_supply_disruption_2020,COVID-19 global supply chain disruption,2020-01-22,over 9 000 passengers from 43 flights screened for novel coronavirus no cases found govt 120012201293 1,https://www.business-standard.com/article/pti-stories/over-9-000-passengers-from-43-flights-screened-for-novel-coronavirus-no-cases-found-govt-120012201293_1.html,over 9 000 passengers from 43 flights screened for novel coronavirus no cases found govt 120012201293 1,1,0,1,
35,2,h=1/z=0,covid_supply_disruption_2020,COVID-19 global supply chain disruption,2020-01-22,cdc to announce first us case of chinese coronavirus that has killed 6 cnn report,https://www.cnbc.com/2020/01/21/cdc-to-announce-first-us-case-of-chinese-coronavirus-that-has-killed-6-cnn-report.html,cdc to announce first us case of chinese coronavirus that has killed 6 cnn report,1,0,1,
36,2,h=1/z=0,egg_shortage_birdflu_2025,US egg shortage and record prices amid H5N1 outbreaks,2024-08-20,us likely undercounting bird flu cases dairy cattle,https://www.bovinevetonline.com/news/industry/us-likely-undercounting-bird-flu-cases-dairy-cattle,us likely undercounting bird flu cases dairy cattle,1,0,1,
37,2,h=1/z=0,egg_shortage_birdflu_2025,US egg shortage and record prices amid H5N1 outbreaks,2024-09-07,missouri patient tests positive for bird flu despite no known exposure to animals,https://www.ksat.com/health/2024/09/06/missouri-patient-tests-positive-for-bird-flu-despite-no-known-exposure-to-animals/,missouri patient tests positive for bird flu despite no known exposure to animals,1,0,1,
38,2,h=1/z=0,egg_shortage_birdflu_2025,US egg shortage and record prices amid H5N1 outbreaks,2024-09-13,why bird flu risks are elevated,https://www.beckershospitalreview.com/public-health/why-bird-flu-risks-are-elevated.html,why bird flu risks are elevated,1,0,1,
39,2,h=1/z=0,egg_shortage_birdflu_2025,US egg shortage and record prices amid H5N1 outbreaks,2024-09-26,review finds serious gaps steps control avian flu mammals,https://www.cidrap.umn.edu/avian-influenza-bird-flu/review-finds-serious-gaps-steps-control-avian-flu-mammals,review finds serious gaps steps control avian flu mammals,1,0,1,
40,2,h=1/z=0,egg_shortage_birdflu_2025,US egg shortage and record prices amid H5N1 outbreaks,2024-10-22,washington health officials investigate suspected avian flu infections in poultry workers.aspx,https://www.rttnews.com/3482781/washington-health-officials-investigate-suspected-avian-flu-infections-in-poultry-workers.aspx,washington health officials investigate suspected avian flu infections in poultry workers.aspx,1,0,1,
41,2,h=1/z=0,egg_shortage_birdflu_2025,US egg shortage and record prices amid H5N1 outbreaks,2024-10-31,bird flu has been found in a pig for the first time in the u s,https://www.wxpr.org/2024-10-30/bird-flu-has-been-found-in-a-pig-for-the-first-time-in-the-u-s,bird flu has been found in a pig for the first time in the u s,1,0,1,
42,2,h=1/z=0,egg_shortage_birdflu_2025,US egg shortage and record prices amid H5N1 outbreaks,2024-11-01,Oregon identifies 3 human cases of bird flu in people from Washington state 48227777,https://www.marketscreener.com/news/latest/Oregon-identifies-3-human-cases-of-bird-flu-in-people-from-Washington-state-48227777/,Oregon identifies 3 human cases of bird flu in people from Washington state 48227777,1,0,1,
43,2,h=1/z=0,egg_shortage_birdflu_2025,US egg shortage and record prices amid H5N1 outbreaks,2024-11-27,bird flu virus was found in raw milk what to know about the risks 9867744,https://www.airdriecityview.com/lifestyle/bird-flu-virus-was-found-in-raw-milk-what-to-know-about-the-risks-9867744,bird flu virus was found in raw milk what to know about the risks 9867744,1,0,1,
44,2,h=1/z=0,egg_shortage_birdflu_2025,US egg shortage and record prices amid H5N1 outbreaks,2024-12-02,raw farm llc ordered to recall raw milk for a second time because of bird flu,https://www.foodsafetynews.com/2024/12/raw-farm-llc-ordered-to-recall-raw-milk-for-a-second-time-because-of-bird-flu/,raw farm llc ordered to recall raw milk for a second time because of bird flu,1,0,1,
45,2,h=1/z=0,egg_shortage_birdflu_2025,US egg shortage and record prices amid H5N1 outbreaks,2024-12-12,california health officials probe raw milk link childs flu infection,https://www.cidrap.umn.edu/avian-influenza-bird-flu/california-health-officials-probe-raw-milk-link-childs-flu-infection,california health officials probe raw milk link childs flu infection,1,0,1,
46,2,h=1/z=0,egg_shortage_birdflu_2025,US egg shortage and record prices amid H5N1 outbreaks,2024-12-20,bird flu leads severe human 212642503,https://www.yahoo.com/news/bird-flu-leads-severe-human-212642503.html,bird flu leads severe human 212642503,1,0,1,
47,2,h=1/z=0,egg_shortage_birdflu_2025,US egg shortage and record prices amid H5N1 outbreaks,2024-12-25,2024 12 24 cat food linked to bird flu death,https://jamn1075.iheart.com/content/2024-12-24-cat-food-linked-to-bird-flu-death/,2024 12 24 cat food linked to bird flu death,1,0,1,
48,2,h=1/z=0,egg_shortage_birdflu_2025,US egg shortage and record prices amid H5N1 outbreaks,2024-12-28,bird flu virus mutations,https://www.mcall.com/2024/12/27/bird-flu-virus-mutations/,bird flu virus mutations,1,0,1,
49,2,h=1/z=0,egg_shortage_birdflu_2025,US egg shortage and record prices amid H5N1 outbreaks,2025-01-07,us records its first human bird flu death,https://www.cnbc.com/2025/01/06/us-records-its-first-human-bird-flu-death.html,us records its first human bird flu death,1,0,1,
50,2,h=1/z=0,egg_shortage_birdflu_2025,US egg shortage and record prices amid H5N1 outbreaks,2025-01-07,bird flu death louisiana,https://us.cnn.com/2025/01/06/health/bird-flu-death-louisiana/,bird flu death louisiana,1,0,1,
51,2,h=1/z=0,egg_shortage_birdflu_2025,US egg shortage and record prices amid H5N1 outbreaks,2025-01-14,university of minnesota gets fast tracked funding to survey wildlife for bird flu,https://www.parkrapidsenterprise.com/news/minnesota/university-of-minnesota-gets-fast-tracked-funding-to-survey-wildlife-for-bird-flu,university of minnesota gets fast tracked funding to survey wildlife for bird flu,1,0,1,
52,2,h=0/z=1,europe_energy_crisis_2022,European energy crisis (Russian gas cutoff),2022-03-22,clueless celebrities attempt to worsen energy crisis,https://www.investmentwatchblog.com/clueless-celebrities-attempt-to-worsen-energy-crisis/,clueless celebrities attempt to worsen energy crisis,0,1,1,
53,2,h=1/z=0,europe_energy_crisis_2022,European energy crisis (Russian gas cutoff),2022-03-30,european union raids gazprom offices in germany in price probe 1.1745265,https://www.bnnbloomberg.ca/european-union-raids-gazprom-offices-in-germany-in-price-probe-1.1745265,european union raids gazprom offices in germany in price probe 1.1745265,1,0,1,
54,2,h=0/z=1,europe_energy_crisis_2022,European energy crisis (Russian gas cutoff),2022-04-02,today s energy crisis will reshape tomorrow s world 20220331 p5a9ru,https://www.watoday.com.au/environment/climate-change/today-s-energy-crisis-will-reshape-tomorrow-s-world-20220331-p5a9ru.html,today s energy crisis will reshape tomorrow s world 20220331 p5a9ru,0,1,1,
55,2,h=0/z=1,europe_energy_crisis_2022,European energy crisis (Russian gas cutoff),2022-06-01,japan wont quit russian gas project minister,https://www.europesun.com/news/272571598/japan-wont-quit-russian-gas-project-minister,japan wont quit russian gas project minister,0,1,0,
56,2,h=1/z=0,europe_energy_crisis_2022,European energy crisis (Russian gas cutoff),2022-06-23,Canada Unlikely To Return Blocked Gazprom Turbine,https://oilprice.com/Latest-Energy-News/World-News/Canada-Unlikely-To-Return-Blocked-Gazprom-Turbine.html,Canada Unlikely To Return Blocked Gazprom Turbine,1,0,0,
57,2,h=1/z=0,europe_energy_crisis_2022,European energy crisis (Russian gas cutoff),2022-06-24,nord stream pipeline to be switched off for 10 days,https://www.russiaherald.com/news/272596886/nord-stream-pipeline-to-be-switched-off-for-10-days,nord stream pipeline to be switched off for 10 days,1,0,1,
58,2,h=0/z=1,europe_energy_crisis_2022,European energy crisis (Russian gas cutoff),2022-07-22,finding the right way forward in pakistans energy crisis,https://thediplomat.com/2022/07/finding-the-right-way-forward-in-pakistans-energy-crisis/,finding the right way forward in pakistans energy crisis,0,1,0,
59,2,h=1/z=0,europe_energy_crisis_2022,European energy crisis (Russian gas cutoff),2022-07-25,kremlin nord stream 1 turbine be installed volumes will adjust,https://english.aawsat.com/home/article/3778386/kremlin-nord-stream-1-turbine-be-installed-volumes-will-adjust,kremlin nord stream 1 turbine be installed volumes will adjust,1,0,1,
60,2,h=0/z=1,europe_energy_crisis_2022,European energy crisis (Russian gas cutoff),2022-07-31,cuba cancels carnival celebration among measures to mitigate energy crisis,https://lavocedinewyork.com/en/news/2022/07/30/cuba-cancels-carnival-celebration-among-measures-to-mitigate-energy-crisis/,cuba cancels carnival celebration among measures to mitigate energy crisis,0,1,1,
61,2,h=1/z=0,europe_energy_crisis_2022,European energy crisis (Russian gas cutoff),2022-08-04,saudi arabia uae oil production vow significantly increase energy crisis 2022 8,https://markets.businessinsider.com/news/commodities/saudi-arabia-uae-oil-production-vow-significantly-increase-energy-crisis-2022-8,saudi arabia uae oil production vow significantly increase energy crisis 2022 8,1,0,0,
62,2,h=1/z=0,hurricane_maria_2017,Hurricane Maria hits Puerto Rico (pharma manufacturing),2017-09-19,hurricane maria st thomas braces for storm after irma,https://www.cbsnews.com/news/hurricane-maria-st-thomas-braces-for-storm-after-irma/,hurricane maria st thomas braces for storm after irma,1,0,0,
63,2,h=0/z=1,india_wheat_export_ban_2022,India bans wheat exports after heat-wave crop damage,2021-11-19,akvosphere gearing to resolve water and food crisis through revolutionary self sustainable water generation system,https://www.dallassun.com/news/271757658/akvosphere-gearing-to-resolve-water-and-food-crisis-through-revolutionary-self-sustainable-water-generation-system,akvosphere gearing to resolve water and food crisis through revolutionary self sustainable water generation system,0,1,1,
64,2,h=0/z=1,india_wheat_export_ban_2022,India bans wheat exports after heat-wave crop damage,2021-12-25,prairie cash wheat prices booked remarkable upswing in 2021,https://www.grainews.ca/daily/prairie-cash-wheat-prices-booked-remarkable-upswing-in-2021/,prairie cash wheat prices booked remarkable upswing in 2021,0,1,1,
65,2,h=0/z=1,india_wheat_export_ban_2022,India bans wheat exports after heat-wave crop damage,2022-03-04,rabobank wheat buyers considering other sources,https://drgnews.com/2022/03/04/rabobank-wheat-buyers-considering-other-sources/,rabobank wheat buyers considering other sources,0,1,1,
66,2,h=1/z=0,india_wheat_export_ban_2022,India bans wheat exports after heat-wave crop damage,2022-04-15,egypt approves india as wheat supplier to import about one million tonnes 122041500863 1,https://www.business-standard.com/article/economy-policy/egypt-approves-india-as-wheat-supplier-to-import-about-one-million-tonnes-122041500863_1.html,egypt approves india as wheat supplier to import about one million tonnes 122041500863 1,1,0,1,
67,2,h=0/z=1,india_wheat_export_ban_2022,India bans wheat exports after heat-wave crop damage,2022-04-23,Crops sewn food crisis deepens Mail Force donations help Halo Trust,https://www.dailymail.co.uk/news/article-10747221/Crops-sewn-food-crisis-deepens-Mail-Force-donations-help-Halo-Trust.html,Crops sewn food crisis deepens Mail Force donations help Halo Trust,0,1,0,
68,2,h=0/z=1,india_wheat_export_ban_2022,India bans wheat exports after heat-wave crop damage,2022-04-27,state silence on food crisis disastrous 3795428,https://www.businessdailyafrica.com/bd/opinion-analysis/columnists/state-silence-on-food-crisis-disastrous-3795428,state silence on food crisis disastrous 3795428,0,1,0,
69,2,h=0/z=1,india_wheat_export_ban_2022,India bans wheat exports after heat-wave crop damage,2022-05-10,international community must act to avert largest food crisis in history,https://www.thisdaylive.com/index.php/2022/05/10/international-community-must-act-to-avert-largest-food-crisis-in-history/,international community must act to avert largest food crisis in history,0,1,1,
70,2,h=0/z=1,port_los_angeles_backlog_2021,US West Coast port congestion (LA/Long Beach),2021-06-22,beer shortage hits sf bars amidst supply chain hiccups,https://sfist.com/2021/06/21/beer-shortage-hits-sf-bars-amidst-supply-chain-hiccups/,beer shortage hits sf bars amidst supply chain hiccups,0,1,0,
71,2,h=0/z=1,port_los_angeles_backlog_2021,US West Coast port congestion (LA/Long Beach),2021-08-19,retailers charter boats to circumvent supply chain crisis get goods from overseas,https://www.hellenicshippingnews.com/retailers-charter-boats-to-circumvent-supply-chain-crisis-get-goods-from-overseas/,retailers charter boats to circumvent supply chain crisis get goods from overseas,0,1,1,
72,2,h=0/z=1,port_los_angeles_backlog_2021,US West Coast port congestion (LA/Long Beach),2021-08-30,the workers who keep global supply chains moving are warning of a system collapse,https://www.kitv.com/story/44850400/the-workers-who-keep-global-supply-chains-moving-are-warning-of-a-system-collapse,the workers who keep global supply chains moving are warning of a system collapse,0,1,0,
73,2,h=1/z=0,red_sea_crisis_2023,Red Sea shipping crisis (Houthi attacks),2023-06-04,oil tanker breaks down in egypts suez canal disrupting traffic in the global waterway,https://www.mymotherlode.com/news/middle-east/3114925/oil-tanker-breaks-down-in-egypts-suez-canal-disrupting-traffic-in-the-global-waterway.html,oil tanker breaks down in egypts suez canal disrupting traffic in the global waterway,1,0,1,
74,2,h=1/z=0,red_sea_crisis_2023,Red Sea shipping crisis (Houthi attacks),2023-06-12,ltr Baker Opportunity for US to Assist Yemen 51256084,https://www.recorder.com/ltr-Baker-Opportunity-for-US-to-Assist-Yemen-51256084,ltr Baker Opportunity for US to Assist Yemen 51256084,1,0,0,
75,2,h=1/z=0,red_sea_crisis_2023,Red Sea shipping crisis (Houthi attacks),2023-07-12,yemen al qaida attack killed military commander e492865179d375b5dc98811af75ad665,https://apnews.com/article/yemen-al-qaida-attack-killed-military-commander-e492865179d375b5dc98811af75ad665,yemen al qaida attack killed military commander e492865179d375b5dc98811af75ad665,1,0,1,
76,2,h=1/z=0,red_sea_crisis_2023,Red Sea shipping crisis (Houthi attacks),2023-07-16,the uns yemeni oil tanker operation heres what to know,https://www.aljazeera.com/news/2023/7/16/the-uns-yemeni-oil-tanker-operation-heres-what-to-know,the uns yemeni oil tanker operation heres what to know,1,0,1,
77,2,h=1/z=0,red_sea_crisis_2023,Red Sea shipping crisis (Houthi attacks),2023-09-20,met returns two antiquities yemen retains possession now,https://www.al-monitor.com/originals/2023/09/met-returns-two-antiquities-yemen-retains-possession-now,met returns two antiquities yemen retains possession now,1,0,0,
78,2,h=1/z=0,red_sea_crisis_2023,Red Sea shipping crisis (Houthi attacks),2023-09-26,bahrain says attack by yemen rebels kills a bahraini officer and a soldier on the saudi border 7596170,https://www.thereminder.ca/world-news/bahrain-says-attack-by-yemen-rebels-kills-a-bahraini-officer-and-a-soldier-on-the-saudi-border-7596170,bahrain says attack by yemen rebels kills a bahraini officer and a soldier on the saudi border 7596170,1,0,1,
79,2,h=0/z=1,red_sea_crisis_2023,Red Sea shipping crisis (Houthi attacks),2023-10-10,Iran s allies in Iraq Yemen threaten U S over intervention in Israel 45029745,https://www.marketscreener.com/news/latest/Iran-s-allies-in-Iraq-Yemen-threaten-U-S-over-intervention-in-Israel-45029745/,Iran s allies in Iraq Yemen threaten U S over intervention in Israel 45029745,0,1,1,
80,2,h=1/z=0,red_sea_crisis_2023,Red Sea shipping crisis (Houthi attacks),2023-10-28,Yemen 83175,https://www.funtrivia.com/trivia-quiz/Geography/Yemen-83175.html,Yemen 83175,1,0,0,
81,2,h=1/z=0,red_sea_crisis_2023,Red Sea shipping crisis (Houthi attacks),2023-11-01,yemeni houthi attack israel iran saudi arabia 9009521,https://indianexpress.com/article/explained/explained-global/yemeni-houthi-attack-israel-iran-saudi-arabia-9009521/,yemeni houthi attack israel iran saudi arabia 9009521,1,0,1,
82,2,h=1/z=0,red_sea_crisis_2023,Red Sea shipping crisis (Houthi attacks),2023-11-07,yemens houthis launch a new batch of drones against israel statement,https://whbl.com/2023/11/06/yemens-houthis-launch-a-new-batch-of-drones-against-israel-statement/,yemens houthis launch a new batch of drones against israel statement,1,0,1,
83,2,h=0/z=1,renesas_naka_plant_fire_2021,Renesas Naka fab fire halts auto chip supply,2020-12-16,Renesas and FAW Establish Joint Laboratory to Accelerate Development of Next Generation Smart Vehicles for Chinas Automotive Market,https://www.businesswire.com/news/home/20201216005174/en/Renesas-and-FAW-Establish-Joint-Laboratory-to-Accelerate-Development-of-Next-Generation-Smart-Vehicles-for-Chinas-Automotive-Market,Renesas and FAW Establish Joint Laboratory to Accelerate Development of Next Generation Smart Vehicles for Chinas Automotive Market,0,1,1,
84,2,h=0/z=1,toyota_steel_explosion_2019,Toyota engine plant steel explosion (Japan),2018-12-21,steelworkers set up community fund for former members 270193,https://www.southerngazette.ca/business/steelworkers-set-up-community-fund-for-former-members-270193/,steelworkers set up community fund for former members 270193,0,1,0,
85,2,h=0/z=1,toyota_steel_explosion_2019,Toyota engine plant steel explosion (Japan),2018-12-28,toyota wants to put a robot in every home and make it your pal,https://www.thejakartapost.com/life/2018/12/27/toyota-wants-to-put-a-robot-in-every-home-and-make-it-your-pal.html,toyota wants to put a robot in every home and make it your pal,0,1,1,
86,2,h=0/z=1,toyota_steel_explosion_2019,Toyota engine plant steel explosion (Japan),2019-01-07,toyota sharelunker program wraps up 2018 with 486 entries,http://outdoornewsdaily.com/toyota-sharelunker-program-wraps-up-2018-with-486-entries/,toyota sharelunker program wraps up 2018 with 486 entries,0,1,1,
87,2,h=0/z=1,toyota_steel_explosion_2019,Toyota engine plant steel explosion (Japan),2019-05-14,china steelmakers set record as profits slump,https://www.shanghainews.net/news/261026904/china-steelmakers-set-record-as-profits-slump,china steelmakers set record as profits slump,0,1,0,
88,2,h=1/z=0,uaw_auto_strike_2023,UAW targeted strike against Detroit Three automakers,2023-04-22,new uaw leader already has issues with detroit automakers,https://www.sent-trib.com/2023/04/21/new-uaw-leader-already-has-issues-with-detroit-automakers/,new uaw leader already has issues with detroit automakers,1,0,1,
89,2,h=1/z=0,uaw_auto_strike_2023,UAW targeted strike against Detroit Three automakers,2023-05-05,uaw withholding an endorsement of bide n2622846,https://townhall.com/tipsheet/leahbarkoukis/2023/05/05/uaw-withholding-an-endorsement-of-bide-n2622846,uaw withholding an endorsement of bide n2622846,1,0,1,
90,2,h=1/z=0,uaw_auto_strike_2023,UAW targeted strike against Detroit Three automakers,2023-07-21,trump biden campaigns spar over support of uaw workers ev mandates,https://wiky.com/2023/07/20/trump-biden-campaigns-spar-over-support-of-uaw-workers-ev-mandates/,trump biden campaigns spar over support of uaw workers ev mandates,1,0,1,
91,2,h=1/z=0,uaw_auto_strike_2023,UAW targeted strike against Detroit Three automakers,2023-08-02,UAW to show list of economic demands to automakers this week will seek worker pay if plants close 44486698,https://www.marketscreener.com/quote/stock/FORD-MOTOR-COMPANY-12542/news/UAW-to-show-list-of-economic-demands-to-automakers-this-week-will-seek-worker-pay-if-plants-close-44486698/,UAW to show list of economic demands to automakers this week will seek worker pay if plants close 44486698,1,0,1,
92,2,h=0/z=1,us_chip_export_controls_2022,US semiconductor export controls on China,2022-04-19,congress seeks compromise to boost computer chip industry,https://gasiantimes.com/2022/04/18/congress-seeks-compromise-to-boost-computer-chip-industry/,congress seeks compromise to boost computer chip industry,0,1,1,
93,2,h=0/z=1,us_chip_export_controls_2022,US semiconductor export controls on China,2022-06-04,himanta biswa sarma gave ppe kit contracts to kin during covid sisodia,https://ummid.com/news/2022/june/04.06.2022/himanta-biswa-sarma-gave-ppe-kit-contracts-to-kin-during-covid-sisodia.html,himanta biswa sarma gave ppe kit contracts to kin during covid sisodia,0,1,0,
94,2,h=0/z=1,us_chip_export_controls_2022,US semiconductor export controls on China,2022-07-14,taiwan semiconductor outperforms expectations here s how to trade it 16053080,https://realmoney.thestreet.com/investing/taiwan-semiconductor-outperforms-expectations-here-s-how-to-trade-it-16053080,taiwan semiconductor outperforms expectations here s how to trade it 16053080,0,1,1,
95,2,h=1/z=0,us_chip_export_controls_2022,US semiconductor export controls on China,2022-07-18,the ukraine war means a potato chip company has to rethink its formula,https://www.wuwf.org/2022-07-17/the-ukraine-war-means-a-potato-chip-company-has-to-rethink-its-formula,the ukraine war means a potato chip company has to rethink its formula,1,0,0,
96,2,h=1/z=0,us_chip_export_controls_2022,US semiconductor export controls on China,2022-07-22,samsung may build more chip fabs in texas,https://electronics360.globalspec.com/article/18412/samsung-may-build-more-chip-fabs-in-texas,samsung may build more chip fabs in texas,1,0,1,
97,3,h=?/z=0,covid_supply_disruption_2020,COVID-19 global supply chain disruption,2020-01-22,Content,https://www.piquenewsmagazine.com/whistler/coronavirus-update-case-confirmed-in-washington-state/Content?oid=14947385,Content,?,0,1,
98,3,h=?/z=0,egg_shortage_birdflu_2025,US egg shortage and record prices amid H5N1 outbreaks,2024-12-18,article 1a7b5898 3310 5ebd 9d2b 2c47c10ee455,https://www.benningtonbanner.com/news/national/cage-free-egg-supply-takes-outsized-hit-as-bird-flu-surges/article_1a7b5898-3310-5ebd-9d2b-2c47c10ee455.html,article 1a7b5898 3310 5ebd 9d2b 2c47c10ee455,?,0,1,
99,3,h=?/z=0,egg_shortage_birdflu_2025,US egg shortage and record prices amid H5N1 outbreaks,2024-12-19,article ed6fd75b 8f44 5b01 80ce 765c48952527,https://www.news-daily.com/plus/patient-hospitalized-in-louisiana-with-first-u-s-case-of-severe-bird-flu/article_ed6fd75b-8f44-5b01-80ce-765c48952527.html,article ed6fd75b 8f44 5b01 80ce 765c48952527,?,0,1,
100,3,h=?/z=0,egg_shortage_birdflu_2025,US egg shortage and record prices amid H5N1 outbreaks,2024-12-26,116663973.cms,https://timesofindia.indiatimes.com/life-style/health-fitness/health-news/pet-food-recalled-after-washington-county-cat-dies-of-bird-flu/articleshow/116663973.cms,116663973.cms,?,0,1,
101,3,h=?/z=0,red_sea_crisis_2023,Red Sea shipping crisis (Houthi attacks),2023-06-09,article 4ae14a04 0630 11ee 9b86 b7ce737f1583,https://www.thenewsguard.com/news/surprising-discovery-glimmer-of-hope-shines-for-endangered-sea-star/article_4ae14a04-0630-11ee-9b86-b7ce737f1583.html,article 4ae14a04 0630 11ee 9b86 b7ce737f1583,?,0,0,
102,3,h=?/z=0,us_chip_export_controls_2022,US semiconductor export controls on China,2022-07-13,article fb6d501c 6400 51f9 aee5 ae3d0081b1cb,https://www.kpvi.com/news/regional_news/utah-lawmakers-urged-to-change-the-way-medical-cannabis-is-regulated/article_fb6d501c-6400-51f9-aee5-ae3d0081b1cb.html,article fb6d501c 6400 51f9 aee5 ae3d0081b1cb,?,0,0,
103,3,h=?/z=0,us_chip_export_controls_2022,US semiconductor export controls on China,2022-07-30,article 9772ee70 0f66 11ed bc6f 9be4381e9e05,https://lacrossetribune.com/chp/news/local/time-capsule-chippewa-aircraft-corporation/article_9772ee70-0f66-11ed-bc6f-9be4381e9e05.html,article 9772ee70 0f66 11ed bc6f 9be4381e9e05,?,0,0,
104,3,h=?/z=0,us_chip_export_controls_2022,US semiconductor export controls on China,2022-09-23,article f43c1524 3a94 11ed a421 eb80c7d1c495,https://www.mdjonline.com/dining/southern-brunch-biscuit-restaurant-opens-in-acworth/article_f43c1524-3a94-11ed-a421-eb80c7d1c495.html,article f43c1524 3a94 11ed a421 eb80c7d1c495,?,0,0,
105,3,h=?/z=0,us_chip_export_controls_2022,US semiconductor export controls on China,2022-10-04,article 3e9215d7 fe92 5b51 8aa9 979af79d75f7,https://www.caledonianrecord.com/news/national/schumer-micron-to-bring-microchip-plant-to-upstate-new-york/article_3e9215d7-fe92-5b51-8aa9-979af79d75f7.html,article 3e9215d7 fe92 5b51 8aa9 979af79d75f7,?,0,0,