event_id,article_id,article_title,article_url,lab_h,lab_z,dis_type
beirut_port_explosion_2020,beirut_port_explosion_2020-2020-03-26-0000,beirut looks to rewire broken economy,https://www.meed.com/beirut-looks-to-rewire-broken-economy,0,1,h=0/z=1
beirut_port_explosion_2020,beirut_port_explosion_2020-2020-07-17-0000,Protesters gather at Beirut 39 Martyrs square called forth by retired military servicemen,http://nna-leb.gov.lb/en/show-news/117924/Protesters-gather-at-Beirut-39-Martyrs-square-called-forth-by-retired-military-servicemen,0,1,h=0/z=1
europe_energy_crisis_2022,europe_energy_crisis_2022-2022-06-01-0000,japan wont quit russian gas project minister,https://www.europesun.com/news/272571598/japan-wont-quit-russian-gas-project-minister,0,1,h=0/z=1
europe_energy_crisis_2022,europe_energy_crisis_2022-2022-07-22-0001,finding the right way forward in pakistans energy crisis,https://thediplomat.com/2022/07/finding-the-right-way-forward-in-pakistans-energy-crisis/,0,1,h=0/z=1
europe_energy_crisis_2022,europe_energy_crisis_2022-2022-04-02-0000,today s energy crisis will reshape tomorrow s world 20220331 p5a9ru,https://www.watoday.com.au/environment/climate-change/today-s-energy-crisis-will-reshape-tomorrow-s-world-20220331-p5a9ru.html,0,1,h=0/z=1
europe_energy_crisis_2022,europe_energy_crisis_2022-2022-07-31-0000,cuba cancels carnival celebration among measures to mitigate energy crisis,https://lavocedinewyork.com/en/news/2022/07/30/cuba-cancels-carnival-celebration-among-measures-to-mitigate-energy-crisis/,0,1,h=0/z=1
europe_energy_crisis_2022,europe_energy_crisis_2022-2022-03-22-0000,clueless celebrities attempt to worsen energy crisis,https://www.investmentwatchblog.com/clueless-celebrities-attempt-to-worsen-energy-crisis/,0,1,h=0/z=1
india_wheat_export_ban_2022,india_wheat_export_ban_2022-2022-04-23-0001,Crops sewn food crisis deepens Mail Force donations help Halo Trust,https://www.dailymail.co.uk/news/article-10747221/Crops-sewn-food-crisis-deepens-Mail-Force-donations-help-Halo-Trust.html,0,1,h=0/z=1
india_wheat_export_ban_2022,india_wheat_export_ban_2022-2022-04-27-0000,state silence on food crisis disastrous 3795428,https://www.businessdailyafrica.com/bd/opinion-analysis/columnists/state-silence-on-food-crisis-disastrous-3795428,0,1,h=0/z=1
india_wheat_export_ban_2022,india_wheat_export_ban_2022-2021-11-19-0000,akvosphere gearing to resolve water and food crisis through revolutionary self sustainable water generation system,https://www.dallassun.com/news/271757658/akvosphere-gearing-to-resolve-water-and-food-crisis-through-revolutionary-self-sustainable-water-generation-system,0,1,h=0/z=1
india_wheat_export_ban_2022,india_wheat_export_ban_2022-2022-05-10-0000,international community must act to avert largest food crisis in history,https://www.thisdaylive.com/index.php/2022/05/10/international-community-must-act-to-avert-largest-food-crisis-in-history/,0,1,h=0/z=1
india_wheat_export_ban_2022,india_wheat_export_ban_2022-2022-03-04-0001,rabobank wheat buyers considering other sources,https://drgnews.com/2022/03/04/rabobank-wheat-buyers-considering-other-sources/,0,1,h=0/z=1
india_wheat_export_ban_2022,india_wheat_export_ban_2022-2021-12-25-0000,prairie cash wheat prices booked remarkable upswing in 2021,https://www.grainews.ca/daily/prairie-cash-wheat-prices-booked-remarkable-upswing-in-2021/,0,1,h=0/z=1
port_los_angeles_backlog_2021,port_los_angeles_backlog_2021-2021-06-22-0000,beer shortage hits sf bars amidst supply chain hiccups,https://sfist.com/2021/06/21/beer-shortage-hits-sf-bars-amidst-supply-chain-hiccups/,0,1,h=0/z=1
port_los_angeles_backlog_2021,port_los_angeles_backlog_2021-2021-08-30-0000,the workers who keep global supply chains moving are warning of a system collapse,https://www.kitv.com/story/44850400/the-workers-who-keep-global-supply-chains-moving-are-warning-of-a-system-collapse,0,1,h=0/z=1
port_los_angeles_backlog_2021,port_los_angeles_backlog_2021-2021-08-19-0000,retailers charter boats to circumvent supply chain crisis get goods from overseas,https://www.hellenicshippingnews.com/retailers-charter-boats-to-circumvent-supply-chain-crisis-get-goods-from-overseas/,0,1,h=0/z=1
red_sea_crisis_2023,red_sea_crisis_2023-2023-10-10-0000,Iran s allies in Iraq Yemen threaten U S over intervention in Israel 45029745,https://www.marketscreener.com/news/latest/Iran-s-allies-in-Iraq-Yemen-threaten-U-S-over-intervention-in-Israel-45029745/,0,1,h=0/z=1
renesas_naka_plant_fire_2021,renesas_naka_plant_fire_2021-2020-12-16-0000,Renesas and FAW Establish Joint Laboratory to Accelerate Development of Next Generation Smart Vehicles for Chinas Automotive Market,https://www.businesswire.com/news/home/20201216005174/en/Renesas-and-FAW-Establish-Joint-Laboratory-to-Accelerate-Development-of-Next-Generation-Smart-Vehicles-for-Chinas-Automotive-Market,0,1,h=0/z=1
toyota_steel_explosion_2019,toyota_steel_explosion_2019-2018-12-21-0002,steelworkers set up community fund for former members 270193,https://www.southerngazette.ca/business/steelworkers-set-up-community-fund-for-former-members-270193/,0,1,h=0/z=1
toyota_steel_explosion_2019,toyota_steel_explosion_2019-2019-05-14-0001,china steelmakers set record as profits slump,https://www.shanghainews.net/news/261026904/china-steelmakers-set-record-as-profits-slump,0,1,h=0/z=1
toyota_steel_explosion_2019,toyota_steel_explosion_2019-2019-01-07-0002,toyota sharelunker program wraps up 2018 with 486 entries,http://outdoornewsdaily.com/toyota-sharelunker-program-wraps-up-2018-with-486-entries/,0,1,h=0/z=1
toyota_steel_explosion_2019,toyota_steel_explosion_2019-2018-12-28-0000,toyota wants to put a robot in every home and make it your pal,https://www.thejakartapost.com/life/2018/12/27/toyota-wants-to-put-a-robot-in-every-home-and-make-it-your-pal.html,0,1,h=0/z=1
us_chip_export_controls_2022,us_chip_export_controls_2022-2022-06-04-0003,himanta biswa sarma gave ppe kit contracts to kin during covid sisodia,https://ummid.com/news/2022/june/04.06.2022/himanta-biswa-sarma-gave-ppe-kit-contracts-to-kin-during-covid-sisodia.html,0,1,h=0/z=1
us_chip_export_controls_2022,us_chip_export_controls_2022-2022-07-14-0002,taiwan semiconductor outperforms expectations here s how to trade it 16053080,https://realmoney.thestreet.com/investing/taiwan-semiconductor-outperforms-expectations-here-s-how-to-trade-it-16053080,0,1,h=0/z=1
us_chip_export_controls_2022,us_chip_export_controls_2022-2022-04-19-0002,congress seeks compromise to boost computer chip industry,https://gasiantimes.com/2022/04/18/congress-seeks-compromise-to-boost-computer-chip-industry/,0,1,h=0/z=1
black_sea_grain_exit_2023,black_sea_grain_exit_2023-2023-06-06-0000,eu executive extends ukraine grain import restrictions,https://kelo.com/2023/06/05/eu-executive-extends-ukraine-grain-import-restrictions/,1,0,h=1/z=0
black_sea_grain_exit_2023,black_sea_grain_exit_2023-2023-06-06-0001,eu restrictions on ukraine grain imports extended to sept 15,https://www.straitstimes.com/world/europe/eu-restrictions-on-ukraine-grain-imports-extended-to-sept-15,1,0,h=1/z=0
black_sea_grain_exit_2023,black_sea_grain_exit_2023-2023-04-28-0000,talks underway in turkey on ukraines grain exports grain deal,https://www.laprensalatina.com/talks-underway-in-turkey-on-ukraines-grain-exports-grain-deal/,1,0,h=1/z=0
black_sea_grain_exit_2023,black_sea_grain_exit_2023-2023-03-19-0000,UN Confirms Prolongation Of Ukrainian Grain Initiative,https://menafn.com/1105808600/UN-Confirms-Prolongation-Of-Ukrainian-Grain-Initiative,1,0,h=1/z=0
black_sea_grain_exit_2023,black_sea_grain_exit_2023-2023-03-05-0000,Turkey says it is working to renew Black Sea grain deal  43165181,https://www.marketscreener.com/news/latest/Turkey-says-it-is-working-to-renew-Black-Sea-grain-deal--43165181/,1,0,h=1/z=0
black_sea_grain_exit_2023,black_sea_grain_exit_2023-2023-04-21-0000,hungary calls on eu to protect cee farmers from ukraine grain glut,https://www.polandsun.com/news/273767475/hungary-calls-on-eu-to-protect-cee-farmers-from-ukraine-grain-glut,1,0,h=1/z=0
black_sea_grain_exit_2023,black_sea_grain_exit_2023-2023-07-15-0001,no fertilizer exported from russia under grain deal media,https://www.europesun.com/news/273900001/no-fertilizer-exported-from-russia-under-grain-deal-media,1,0,h=1/z=0
covid_supply_disruption_2020,covid_supply_disruption_2020-2020-01-17-0000,china coronavirus spreads japan thailand 2020 1,https://www.businessinsider.com/china-coronavirus-spreads-japan-thailand-2020-1,1,0,h=1/z=0
covid_supply_disruption_2020,covid_supply_disruption_2020-2020-01-21-0001,coronavirus china over 200 cases human human transmission,https://www.wxxinews.org/post/coronavirus-china-over-200-cases-human-human-transmission,1,0,h=1/z=0
covid_supply_disruption_2020,covid_supply_disruption_2020-2020-01-22-0003,wuhan virus mystery virus that has killed 6 triggered worry 6228950,https://indianexpress.com/article/explained/wuhan-virus-mystery-virus-that-has-killed-6-triggered-worry-6228950/,1,0,h=1/z=0
covid_supply_disruption_2020,covid_supply_disruption_2020-2020-01-22-0030,over 9 000 passengers from 43 flights screened for novel coronavirus no cases found govt 120012201293 1,https://www.business-standard.com/article/pti-stories/over-9-000-passengers-from-43-flights-screened-for-novel-coronavirus-no-cases-found-govt-120012201293_1.html,1,0,h=1/z=0
covid_supply_disruption_2020,covid_supply_disruption_2020-2020-01-22-0022,cdc to announce first us case of chinese coronavirus that has killed 6 cnn report,https://www.cnbc.com/2020/01/21/cdc-to-announce-first-us-case-of-chinese-coronavirus-that-has-killed-6-cnn-report.html,1,0,h=1/z=0
egg_shortage_birdflu_2025,egg_shortage_birdflu_2025-2024-09-07-0000,missouri patient tests positive for bird flu despite no known exposure to animals,https://www.ksat.com/health/2024/09/06/missouri-patient-tests-positive-for-bird-flu-despite-no-known-exposure-to-animals/,1,0,h=1/z=0
egg_shortage_birdflu_2025,egg_shortage_birdflu_2025-2024-10-31-0001,bird flu has been found in a pig for the first time in the u s,https://www.wxpr.org/2024-10-30/bird-flu-has-been-found-in-a-pig-for-the-first-time-in-the-u-s,1,0,h=1/z=0
egg_shortage_birdflu_2025,egg_shortage_birdflu_2025-2024-11-27-0001,bird flu virus was found in raw milk what to know about the risks 9867744,https://www.airdriecityview.com/lifestyle/bird-flu-virus-was-found-in-raw-milk-what-to-know-about-the-risks-9867744,1,0,h=1/z=0
egg_shortage_birdflu_2025,egg_shortage_birdflu_2025-2024-09-26-0001,review finds serious gaps steps control avian flu mammals,https://www.cidrap.umn.edu/avian-influenza-bird-flu/review-finds-serious-gaps-steps-control-avian-flu-mammals,1,0,h=1/z=0
egg_shortage_birdflu_2025,egg_shortage_birdflu_2025-2024-11-01-0000,Oregon identifies 3 human cases of bird flu in people from Washington state 48227777,https://www.marketscreener.com/news/latest/Oregon-identifies-3-human-cases-of-bird-flu-in-people-from-Washington-state-48227777/,1,0,h=1/z=0
egg_shortage_birdflu_2025,egg_shortage_birdflu_2025-2025-01-14-0000,university of minnesota gets fast tracked funding to survey wildlife for bird flu,https://www.parkrapidsenterprise.com/news/minnesota/university-of-minnesota-gets-fast-tracked-funding-to-survey-wildlife-for-bird-flu,1,0,h=1/z=0
egg_shortage_birdflu_2025,egg_shortage_birdflu_2025-2024-08-20-0000,us likely undercounting bird flu cases dairy cattle,https://www.bovinevetonline.com/news/industry/us-likely-undercounting-bird-flu-cases-dairy-cattle,1,0,h=1/z=0
egg_shortage_birdflu_2025,egg_shortage_birdflu_2025-2024-12-20-0000,bird flu leads severe human 212642503,https://www.yahoo.com/news/bird-flu-leads-severe-human-212642503.html,1,0,h=1/z=0
egg_shortage_birdflu_2025,egg_shortage_birdflu_2025-2024-09-13-0000,why bird flu risks are elevated,https://www.beckershospitalreview.com/public-health/why-bird-flu-risks-are-elevated.html,1,0,h=1/z=0
egg_shortage_birdflu_2025,egg_shortage_birdflu_2025-2024-12-02-0000,raw farm llc ordered to recall raw milk for a second time because of bird flu,https://www.foodsafetynews.com/2024/12/raw-farm-llc-ordered-to-recall-raw-milk-for-a-second-time-because-of-bird-flu/,1,0,h=1/z=0
egg_shortage_birdflu_2025,egg_shortage_birdflu_2025-2025-01-07-0005,us records its first human bird flu death,https://www.cnbc.com/2025/01/06/us-records-its-first-human-bird-flu-death.html,1,0,h=1/z=0
egg_shortage_birdflu_2025,egg_shortage_birdflu_2025-2025-01-07-0007,bird flu death louisiana,https://us.cnn.com/2025/01/06/health/bird-flu-death-louisiana/,1,0,h=1/z=0
egg_shortage_birdflu_2025,egg_shortage_birdflu_2025-2024-12-12-0002,california health officials probe raw milk link childs flu infection,https://www.cidrap.umn.edu/avian-influenza-bird-flu/california-health-officials-probe-raw-milk-link-childs-flu-infection,1,0,h=1/z=0
egg_shortage_birdflu_2025,egg_shortage_birdflu_2025-2024-10-22-0000,washington health officials investigate suspected avian flu infections in poultry workers.aspx,https://www.rttnews.com/3482781/washington-health-officials-investigate-suspected-avian-flu-infections-in-poultry-workers.aspx,1,0,h=1/z=0
egg_shortage_birdflu_2025,egg_shortage_birdflu_2025-2024-12-25-0000,2024 12 24 cat food linked to bird flu death,https://jamn1075.iheart.com/content/2024-12-24-cat-food-linked-to-bird-flu-death/,1,0,h=1/z=0
egg_shortage_birdflu_2025,egg_shortage_birdflu_2025-2024-12-28-0000,bird flu virus mutations,https://www.mcall.com/2024/12/27/bird-flu-virus-mutations/,1,0,h=1/z=0
europe_energy_crisis_2022,europe_energy_crisis_2022-2022-07-25-0001,kremlin nord stream 1 turbine be installed volumes will adjust,https://english.aawsat.com/home/article/3778386/kremlin-nord-stream-1-turbine-be-installed-volumes-will-adjust,1,0,h=1/z=0
europe_energy_crisis_2022,europe_energy_crisis_2022-2022-03-30-0000,european union raids gazprom offices in germany in price probe 1.1745265,https://www.bnnbloomberg.ca/european-union-raids-gazprom-offices-in-germany-in-price-probe-1.1745265,1,0,h=1/z=0
europe_energy_crisis_2022,europe_energy_crisis_2022-2022-08-04-0001,saudi arabia uae oil production vow significantly increase energy crisis 2022 8,https://markets.businessinsider.com/news/commodities/saudi-arabia-uae-oil-production-vow-significantly-increase-energy-crisis-2022-8,1,0,h=1/z=0
europe_energy_crisis_2022,europe_energy_crisis_2022-2022-06-23-0000,Canada Unlikely To Return Blocked Gazprom Turbine,https://oilprice.com/Latest-Energy-News/World-News/Canada-Unlikely-To-Return-Blocked-Gazprom-Turbine.html,1,0,h=1/z=0
europe_energy_crisis_2022,europe_energy_crisis_2022-2022-06-24-0000,nord stream pipeline to be switched off for 10 days,https://www.russiaherald.com/news/272596886/nord-stream-pipeline-to-be-switched-off-for-10-days,1,0,h=1/z=0
hurricane_maria_2017,hurricane_maria_2017-2017-09-19-0014,hurricane maria st thomas braces for storm after irma,https://www.cbsnews.com/news/hurricane-maria-st-thomas-braces-for-storm-after-irma/,1,0,h=1/z=0
india_wheat_export_ban_2022,india_wheat_export_ban_2022-2022-04-15-0001,egypt approves india as wheat supplier to import about one million tonnes 122041500863 1,https://www.business-standard.com/article/economy-policy/egypt-approves-india-as-wheat-supplier-to-import-about-one-million-tonnes-122041500863_1.html,1,0,h=1/z=0
red_sea_crisis_2023,red_sea_crisis_2023-2023-07-16-0000,the uns yemeni oil tanker operation heres what to know,https://www.aljazeera.com/news/2023/7/16/the-uns-yemeni-oil-tanker-operation-heres-what-to-know,1,0,h=1/z=0
red_sea_crisis_2023,red_sea_crisis_2023-2023-06-12-0000,ltr Baker Opportunity for US to Assist Yemen 51256084,https://www.recorder.com/ltr-Baker-Opportunity-for-US-to-Assist-Yemen-51256084,1,0,h=1/z=0
red_sea_crisis_2023,red_sea_crisis_2023-2023-11-07-0000,yemens houthis launch a new batch of drones against israel statement,https://whbl.com/2023/11/06/yemens-houthis-launch-a-new-batch-of-drones-against-israel-statement/,1,0,h=1/z=0
red_sea_crisis_2023,red_sea_crisis_2023-2023-09-26-0000,bahrain says attack by yemen rebels kills a bahraini officer and a soldier on the saudi border 7596170,https://www.thereminder.ca/world-news/bahrain-says-attack-by-yemen-rebels-kills-a-bahraini-officer-and-a-soldier-on-the-saudi-border-7596170,1,0,h=1/z=0
red_sea_crisis_2023,red_sea_crisis_2023-2023-06-04-0001,oil tanker breaks down in egypts suez canal disrupting traffic in the global waterway,https://www.mymotherlode.com/news/middle-east/3114925/oil-tanker-breaks-down-in-egypts-suez-canal-disrupting-traffic-in-the-global-waterway.html,1,0,h=1/z=0
red_sea_crisis_2023,red_sea_crisis_2023-2023-11-01-0001,yemeni houthi attack israel iran saudi arabia 9009521,https://indianexpress.com/article/explained/explained-global/yemeni-houthi-attack-israel-iran-saudi-arabia-9009521/,1,0,h=1/z=0
red_sea_crisis_2023,red_sea_crisis_2023-2023-07-12-0001,yemen al qaida attack killed military commander e492865179d375b5dc98811af75ad665,https://apnews.com/article/yemen-al-qaida-attack-killed-military-commander-e492865179d375b5dc98811af75ad665,1,0,h=1/z=0
red_sea_crisis_2023,red_sea_crisis_2023-2023-10-28-0000,Yemen 83175,https://www.funtrivia.com/trivia-quiz/Geography/Yemen-83175.html,1,0,h=1/z=0
red_sea_crisis_2023,red_sea_crisis_2023-2023-09-20-0000,met returns two antiquities yemen retains possession now,https://www.al-monitor.com/originals/2023/09/met-returns-two-antiquities-yemen-retains-possession-now,1,0,h=1/z=0
uaw_auto_strike_2023,uaw_auto_strike_2023-2023-08-02-0001,UAW to show list of economic demands to automakers this week will seek worker pay if plants close 44486698,https://www.marketscreener.com/quote/stock/FORD-MOTOR-COMPANY-12542/news/UAW-to-show-list-of-economic-demands-to-automakers-this-week-will-seek-worker-pay-if-plants-close-44486698/,1,0,h=1/z=0
uaw_auto_strike_2023,uaw_auto_strike_2023-2023-07-21-0000,trump biden campaigns spar over support of uaw workers ev mandates,https://wiky.com/2023/07/20/trump-biden-campaigns-spar-over-support-of-uaw-workers-ev-mandates/,1,0,h=1/z=0
uaw_auto_strike_2023,uaw_auto_strike_2023-2023-04-22-0000,new uaw leader already has issues with detroit automakers,https://www.sent-trib.com/2023/04/21/new-uaw-leader-already-has-issues-with-detroit-automakers/,1,0,h=1/z=0
uaw_auto_strike_2023,uaw_auto_strike_2023-2023-05-05-0000,uaw withholding an endorsement of bide n2622846,https://townhall.com/tipsheet/leahbarkoukis/2023/05/05/uaw-withholding-an-endorsement-of-bide-n2622846,1,0,h=1/z=0
us_chip_export_controls_2022,us_chip_export_controls_2022-2022-07-22-0002,samsung may build more chip fabs in texas,https://electronics360.globalspec.com/article/18412/samsung-may-build-more-chip-fabs-in-texas,1,0,h=1/z=0
us_chip_export_controls_2022,us_chip_export_controls_2022-2022-07-18-0001,the ukraine war means a potato chip company has to rethink its formula,https://www.wuwf.org/2022-07-17/the-ukraine-war-means-a-potato-chip-company-has-to-rethink-its-formula,1,0,h=1/z=0
covid_supply_disruption_2020,covid_supply_disruption_2020-2020-01-22-0011,Content,https://www.piquenewsmagazine.com/whistler/coronavirus-update-case-confirmed-in-washington-state/Content?oid=14947385,?,0,h=?/z=0
egg_shortage_birdflu_2025,egg_shortage_birdflu_2025-2024-12-19-0001,article ed6fd75b 8f44 5b01 80ce 765c48952527,https://www.news-daily.com/plus/patient-hospitalized-in-louisiana-with-first-u-s-case-of-severe-bird-flu/article_ed6fd75b-8f44-5b01-80ce-765c48952527.html,?,0,h=?/z=0
egg_shortage_birdflu_2025,egg_shortage_birdflu_2025-2024-12-26-0000,116663973.cms,https://timesofindia.indiatimes.com/life-style/health-fitness/health-news/pet-food-recalled-after-washington-county-cat-dies-of-bird-flu/articleshow/116663973.cms,?,0,h=?/z=0
egg_shortage_birdflu_2025,egg_shortage_birdflu_2025-2024-12-18-0000,article 1a7b5898 3310 5ebd 9d2b 2c47c10ee455,https://www.benningtonbanner.com/news/national/cage-free-egg-supply-takes-outsized-hit-as-bird-flu-surges/article_1a7b5898-3310-5ebd-9d2b-2c47c10ee455.html,?,0,h=?/z=0
red_sea_crisis_2023,red_sea_crisis_2023-2023-06-09-0002,article 4ae14a04 0630 11ee 9b86 b7ce737f1583,https://www.thenewsguard.com/news/surprising-discovery-glimmer-of-hope-shines-for-endangered-sea-star/article_4ae14a04-0630-11ee-9b86-b7ce737f1583.html,?,0,h=?/z=0
us_chip_export_controls_2022,us_chip_export_controls_2022-2022-10-04-0005,article 3e9215d7 fe92 5b51 8aa9 979af79d75f7,https://www.caledonianrecord.com/news/national/schumer-micron-to-bring-microchip-plant-to-upstate-new-york/article_3e9215d7-fe92-5b51-8aa9-979af79d75f7.html,?,0,h=?/z=0
us_chip_export_controls_2022,us_chip_export_controls_2022-2022-07-30-0005,article 9772ee70 0f66 11ed bc6f 9be4381e9e05,https://lacrossetribune.com/chp/news/local/time-capsule-chippewa-aircraft-corporation/article_9772ee70-0f66-11ed-bc6f-9be4381e9e05.html,?,0,h=?/z=0
us_chip_export_controls_2022,us_chip_export_controls_2022-2022-07-13-0001,article fb6d501c 6400 51f9 aee5 ae3d0081b1cb,https://www.kpvi.com/news/regional_news/utah-lawmakers-urged-to-change-the-way-medical-cannabis-is-regulated/article_fb6d501c-6400-51f9-aee5-ae3d0081b1cb.html,?,0,h=?/z=0
us_chip_export_controls_2022,us_chip_export_controls_2022-2022-09-23-0000,article f43c1524 3a94 11ed a421 eb80c7d1c495,https://www.mdjonline.com/dining/southern-brunch-biscuit-restaurant-opens-in-acworth/article_f43c1524-3a94-11ed-a421-eb80c7d1c495.html,?,0,h=?/z=0
black_sea_grain_exit_2023,black_sea_grain_exit_2023-2023-05-17-0002,1691239018,https://www.belfasttelegraph.co.uk/news/world-news/russia-agrees-to-extend-ukraine-grain-deal-in-boost-for-global-food-security/1691239018.html,?,1,h=?/z=1
black_sea_grain_exit_2023,black_sea_grain_exit_2023-2023-04-24-0000,ar AA1aeL09,https://www.msn.com/en-us/news/world/russias-war-on-ukraine-latest-russia-warns-grain-deal-in-peril/ar-AA1aeL09,?,1,h=?/z=1
covid_supply_disruption_2020,covid_supply_disruption_2020-2020-01-22-0009,1830298,https://www.malaymail.com/news/world/2020/01/22/health-officials-confirm-first-us-case-of-china-coronavirus-expand-screenin/1830298,?,1,h=?/z=1
covid_supply_disruption_2020,covid_supply_disruption_2020-2020-01-22-0027,18900524,https://www.wral.com/first-wuhan-coronavirus-patient-identified-in-the-united-states/18900524/,?,1,h=?/z=1
covid_supply_disruption_2020,covid_supply_disruption_2020-2020-01-20-0000,article 821d5348 2d77 5df5 9434 128815a9b16f,https://www.heraldmailmedia.com/news/nation/wuhan-pneumonia-outbreak-widens-with-china-increasing-screening/article_821d5348-2d77-5df5-9434-128815a9b16f.html,?,1,h=?/z=1
hurricane_maria_2017,hurricane_maria_2017-2017-09-19-0011,861049,http://www.financialexpress.com/world-news/hurricane-maria-gathers-more-strength-on-course-through-eastern-caribbean/861049/,?,1,h=?/z=1
hurricane_maria_2017,hurricane_maria_2017-2017-09-19-0009,622535211,http://www.krdo.com/news/national-international-news/hurricane-maria-poses-new-threat-to-debtladen-puerto-rico/622535211,?,1,h=?/z=1
hurricane_maria_2017,hurricane_maria_2017-2017-09-19-0022,680049001,http://www.azcentral.com/story/news/world/2017/09/19/hurricane-maria-devastation/680049001/,?,1,h=?/z=1
hurricane_maria_2017,hurricane_maria_2017-2017-09-19-0020,445573073,http://www.startribune.com/hurricane-maria-month-s-2nd-cat-5-storm-lashes-at-dominica/445573073/,?,1,h=?/z=1
hurricane_maria_2017,hurricane_maria_2017-2017-09-19-0000,622301694,http://www.wfmz.com/weather/extremely-dangerous-hurricane-maria-heading-for-dominica-puerto-rico/622301694,?,1,h=?/z=1
russia_ukraine_war_2022,russia_ukraine_war_2022-2022-02-11-0000,article 9232edda 2edb 50be 8cea 8ece8f2cff9c,https://www.gjsentinel.com/news/us/uks-johnson-cites-a-dangerous-moment-in-ukraine-crisis/article_9232edda-2edb-50be-8cea-8ece8f2cff9c.html,?,1,h=?/z=1
russia_ukraine_war_2022,russia_ukraine_war_2022-2022-02-05-0002,article 5516579c 032c 57e4 b47f b0c4b1e63624,https://www.ivpressonline.com/news/world/french-german-leaders-to-visit-russia-ukraine-amid-tension/article_5516579c-032c-57e4-b47f-b0c4b1e63624.html,?,1,h=?/z=1
russia_ukraine_war_2022,russia_ukraine_war_2022-2022-02-16-0001,article 45bdb1bd 36c0 5d8b 964c c63224d2323d,https://omaha.com/news/national/govt-and-politics/senators-issue-bipartisan-support-for-ukraine-warn-russia/article_45bdb1bd-36c0-5d8b-964c-c63224d2323d.html,?,1,h=?/z=1
russia_ukraine_war_2022,russia_ukraine_war_2022-2022-02-23-0014,0,https://www.qatarday.com/News/canada-announces-first-round-of-economic-sanctions-on-russia-over-ukraine-crisis/13205/0,?,1,h=?/z=1
russia_ukraine_war_2022,russia_ukraine_war_2022-2022-02-13-0002,article bee8fc4c 1c0b 55ae b39c d77ca84667da,https://www.ncnewsonline.com/news/national/biden-warns-putin-of-severe-costs-of-ukraine-invasion/article_bee8fc4c-1c0b-55ae-b39c-d77ca84667da.html,?,1,h=?/z=1
taiwan_strait_crisis_2022,taiwan_strait_crisis_2022-2021-07-29-0000,ar AA104B4O,https://www.msn.com/en-us/news/world/pelosi-leading-delegation-to-asia-friday-with-taiwan-visit-still-undecided/ar-AA104B4O,?,1,h=?/z=1
us_china_tariff_war_2018,us_china_tariff_war_2018-2018-07-04-0001,1281827992,https://www.mystateline.com/news/local-pork-producers-worry-trade-war-tariffs-could-hurt-business/1281827992,?,1,h=?/z=1
us_china_tariff_war_2018,us_china_tariff_war_2018-2018-06-14-0001,866006,https://www.newsmax.com/politics/donald-trump-trade-advisers-china-tariffs-trade/2018/06/13/id/866006/,?,1,h=?/z=1
us_china_tariff_war_2018,us_china_tariff_war_2018-2018-06-20-0001,article 23c13f6f 2e59 5b10 8b23 9798e3516901,https://www.delaware1059.com/news/national/nebraska-corn-farmers-oppose-trump-s-tariffs-on-china/article_23c13f6f-2e59-5b10-8b23-9798e3516901.html,?,1,h=?/z=1
us_china_tariff_war_2018,us_china_tariff_war_2018-2018-05-15-0000,482605221,http://www.startribune.com/minnesota-med-tech-industry-seeks-china-tariff-relief/482605221/,?,1,h=?/z=1
us_chip_export_controls_2022,us_chip_export_controls_2022-2022-04-30-0001,ar AAWLtqv,https://www.msn.com/en-us/news/technology/countries-will-solve-the-chip-crisis-by-working-together-not-by-acting-alone/ar-AAWLtqv,?,1,h=?/z=1
