signal_id,event,signal_date,temporality,confidence,description,trigger_phrases,commodities,companies,geographies,article_title,article_url,article_text,human_label
red_sea_crisis_2023-2023-05-16-0000-1,red_sea_crisis_2023,2023-05-16,forward_looking,0.75,俄罗斯公布苏伊士运河替代路线计划，可能改变未来亚欧航运格局与物流路径。,reveals plans | suez canal substitute,"containerized goods, oil, consumer goods",,"Russia, Suez Canal",russia reveals plans for suez canal substitute,https://www.bignewsnetwork.com/news/273866662/russia-reveals-plans-for-suez-canal-substitute,russia reveals plans for suez canal substitute,
red_sea_crisis_2023-2023-06-15-0000-1,red_sea_crisis_2023,2023-06-15,forward_looking,0.65,俄罗斯公布苏伊士运河替代路线计划，可能长期改变亚欧航运格局并影响全球供应链路由,reveals plans | suez canal substitute,"consumer goods, electronics, automotive parts, oil",,"Russia, Suez Canal, Egypt",russia reveals plans for suez canal substitute,https://www.bignewsnetwork.com/news/273866662/russia-reveals-plans-for-suez-canal-substitute,russia reveals plans for suez canal substitute,
red_sea_crisis_2023-2023-07-23-0001-1,red_sea_crisis_2023,2023-07-23,forward_looking,0.65,联合国表示救援队即将开始在也门海域抽取一艘生锈油轮内的原油，该油轮停泊位置可能对周边航运通道及原油运输构成潜在物流与环境风险。,salvage team | siphoning oil | rusting tanker | moored off yemen,oil,UN,Yemen,a salvage team is set to begin siphoning oil out of rusting tanker moored off yemen un says,https://www.winnipegfreepress.com/world/2023/07/23/a-salvage-team-is-set-to-begin-siphoning-oil-out-of-rusting-tanker-moored-off-yemen-un-says,a salvage team is set to begin siphoning oil out of rusting tanker moored off yemen un says,
red_sea_crisis_2023-2023-07-26-0000-1,red_sea_crisis_2023,2023-07-26,forward_looking,0.8,联合国在也门开展高风险行动以防范灾难性原油泄漏，若泄漏发生可能对区域原油及石化产品供应造成严重冲击。,high stakes un operation | avert catastrophic oil spill | operation underway in yemen,"oil, petrochemicals",,Yemen,2536836 high stakes un operation underway in yemen to avert catastrophic oil spill,https://www.devdiscourse.com/article/headlines/2536836-high-stakes-un-operation-underway-in-yemen-to-avert-catastrophic-oil-spill,2536836 high stakes un operation underway in yemen to avert catastrophic oil spill,
red_sea_crisis_2023-2023-09-15-0002-1,red_sea_crisis_2023,2023-09-15,latent,0.75,沙特阿拉伯邀请也门胡塞武装代表团赴利雅得举行停火谈判。也门局势及胡塞武装活动持续对红海/曼德海峡航运通道构成潜在威胁，可能影响亚欧航线物流。,saudi arabia invites | houthi delegation | ceasefire talks,"oil, consumer goods, containerized goods",,"Saudi Arabia, Yemen, Red Sea",saudi arabia invites yemens houthi delegation riyadh ceasefire talks spa 2023 09 14,https://www.reuters.com/world/middle-east/saudi-arabia-invites-yemens-houthi-delegation-riyadh-ceasefire-talks-spa-2023-09-14/,saudi arabia invites yemens houthi delegation riyadh ceasefire talks spa 2023 09 14,
red_sea_crisis_2023-2023-10-10-0000-1,red_sea_crisis_2023,2023-10-10,forward_looking,0.75,伊拉克与也门的伊朗盟友因美国干预以色列局势而发出威胁，可能引发中东地区地缘政治紧张，进而威胁霍尔木兹海峡及红海航运安全与能源供应。,threaten U S | intervention in Israel,"oil, natural gas, petrochemicals, containerized goods",,"Iraq, Yemen, Israel, Middle East",Iran s allies in Iraq Yemen threaten U S over intervention in Israel 45029745,https://www.marketscreener.com/news/latest/Iran-s-allies-in-Iraq-Yemen-threaten-U-S-over-intervention-in-Israel-45029745/,Iran s allies in Iraq Yemen threaten U S over intervention in Israel 45029745,
red_sea_crisis_2023-2023-10-23-0000-1,red_sea_crisis_2023,2023-10-23,forward_looking,0.6,埃塞俄比亚总理威胁红海邻国，可能引发区域地缘政治紧张，对红海航运通道构成潜在风险。,threatening | Red Sea neighbors,"consumer goods, electronics, automotive parts, oil",,"Ethiopia, Red Sea",why abiy ahmed threatening ethiopias red sea neighbors,https://tesfanews.net/why-abiy-ahmed-threatening-ethiopias-red-sea-neighbors/,why abiy ahmed threatening ethiopias red sea neighbors,
red_sea_crisis_2023-2023-10-31-0001-1,red_sea_crisis_2023,2023-10-31,forward_looking,0.75,也门胡塞武装警告若加沙战争持续将发动更多袭击，该威胁可能波及红海及亚丁湾航运通道，对全球物流构成潜在风险。,vow more attacks | war in gaza continues,"consumer goods, electronics, automotive parts, oil",,"Yemen, Israel, Gaza",yemens houthi rebels vow more attacks on israel if war in gaza continues 2628761,https://www.newindianexpress.com/nation/2023/oct/31/yemens-houthi-rebels-vow-more-attacks-on-israel-if-war-in-gaza-continues-2628761.html,yemens houthi rebels vow more attacks on israel if war in gaza continues 2628761,
us_chip_export_controls_2022-2022-04-18-0001-1,us_chip_export_controls_2022,2022-04-18,forward_looking,0.7,智库预测俄罗斯可能在一周内攻占马里乌波尔。该城是黑海重要港口，其陷落可能导致粮食、钢铁等大宗商品出口物流中断。,will likely capture mariupol | in the coming week,"grain, steel, metals",,"Mariupol, Ukraine",russia will likely capture mariupol in the coming week think tank says,https://www.forbes.com/sites/masonbissada/2022/04/17/russia-will-likely-capture-mariupol-in-the-coming-week-think-tank-says/,russia will likely capture mariupol in the coming week think tank says,
us_chip_export_controls_2022-2022-04-19-0002-1,us_chip_export_controls_2022,2022-04-19,forward_looking,0.75,美国国会正寻求立法妥协以推动半导体产业发展，政策推进可能引发全球供应链重组、产能转移及补贴竞争风险,congress seeks compromise | boost computer chip industry,semiconductors,US Congress,United States,congress seeks compromise to boost computer chip industry,https://gasiantimes.com/2022/04/18/congress-seeks-compromise-to-boost-computer-chip-industry/,congress seeks compromise to boost computer chip industry,
us_chip_export_controls_2022-2022-04-29-0003-1,us_chip_export_controls_2022,2022-04-29,forward_looking,0.85,英特尔因芯片短缺前景及一季度销售额下滑导致股价下跌，预示半导体供应链持续紧张及龙头企业财务预警。,chip shortage outlook | 1q sale drop | shares slide,semiconductors,Intel,,intel shares slide after chip shortage outlook 1q sale drop 271651242086,https://www.marketwatch.com/story/intel-shares-slide-after-chip-shortage-outlook-1q-sale-drop-271651242086,intel shares slide after chip shortage outlook 1q sale drop 271651242086,
us_chip_export_controls_2022-2022-05-09-0001-1,us_chip_export_controls_2022,2022-05-09,forward_looking,0.85,高通骁龙8 Gen 1芯片组发布可能推迟至2022年下半年，或导致下游智能手机厂商面临核心零部件供应延迟风险,might be postponed | snapdragon 8 gen 1 chipset,semiconductors,Qualcomm,,qualcomm snapdragon 8 gen 1 chipset might be postponed till 2022 second half,https://www.chinanationalnews.com/news/272543848/qualcomm-snapdragon-8-gen-1-chipset-might-be-postponed-till-2022-second-half,qualcomm snapdragon 8 gen 1 chipset might be postponed till 2022 second half,
us_chip_export_controls_2022-2022-05-19-0000-1,us_chip_export_controls_2022,2022-05-19,forward_looking,0.75,台湾半导体产业考虑与印度签署自由贸易协定（FTA），可能引发供应链区域布局与贸易流向调整。,inking fta | better option | taiwanese semiconductor industry,semiconductors,Taiwanese semiconductor industry,"India, Taiwan",inking fta india better option taiwanese semiconductor industry,http://www.dailynews.lk/2022/05/19/world/279078/inking-fta-india-better-option-taiwanese-semiconductor-industry,inking fta india better option taiwanese semiconductor industry,
us_chip_export_controls_2022-2022-05-26-0000-1,us_chip_export_controls_2022,2022-05-26,forward_looking,0.85,英国拟对北京收购英国芯片制造商Newport Wafer Fab展开调查，可能引发半导体供应链投资审查与潜在中断风险。,set probe | Beijing takeover | UK chipmaker | Newport Wafer Fab,semiconductors,"Newport Wafer Fab, Beijing","UK, China",Kwasi set probe Beijing takeover UK chipmaker Newport Wafer Fab,https://www.thisismoney.co.uk/money/markets/article-10854631/Kwasi-set-probe-Beijing-takeover-UK-chipmaker-Newport-Wafer-Fab.html,Kwasi set probe Beijing takeover UK chipmaker Newport Wafer Fab,
us_chip_export_controls_2022-2022-05-26-0003-1,us_chip_export_controls_2022,2022-05-26,forward_looking,0.65,Chipotle员工因薪资与排班问题计划罢工集会，可能对局部门店运营及短期劳动力供应造成轻微影响。,workers striking | to rally,,Chipotle,"midtown, United States",chipotle workers striking for higher wages better schedules to rally in midtown,https://gothamist.com/news/chipotle-workers-striking-for-higher-wages-better-schedules-to-rally-in-midtown,chipotle workers striking for higher wages better schedules to rally in midtown,
us_chip_export_controls_2022-2022-06-17-0000-1,us_chip_export_controls_2022,2022-06-17,forward_looking,0.85,荷兰史基浦机场宣布在繁忙夏季削减航班，可能导致航空物流运力紧张及货运延迟。,Schiphol | cut flights | busy summer,"consumer goods, electronics, pharmaceuticals",Schiphol Airport,Netherlands,dutch airport schiphol to cut flights over busy summer 1.5950205,https://www.cp24.com/world/dutch-airport-schiphol-to-cut-flights-over-busy-summer-1.5950205,dutch airport schiphol to cut flights over busy summer 1.5950205,
us_chip_export_controls_2022-2022-06-23-0003-1,us_chip_export_controls_2022,2022-06-23,forward_looking,0.75,中国顶尖经济学家公开呼吁中国政府接管台湾芯片制造商台积电，构成针对全球半导体供应链的重大地缘政治威胁与潜在中断风险。,calls on china to seize | taiwan chipmaker tsmc,semiconductors,"TSMC, China","Taiwan, China",top ccp economist calls on china to seize taiwan chipmaker tsmc 4546275,https://www.theepochtimes.com/top-ccp-economist-calls-on-china-to-seize-taiwan-chipmaker-tsmc_4546275.html,top ccp economist calls on china to seize taiwan chipmaker tsmc 4546275,
us_chip_export_controls_2022-2022-06-23-0004-1,us_chip_export_controls_2022,2022-06-23,forward_looking,0.6,Chipotle 可能面临工会斗争酝酿，潜在劳工争议或影响其门店运营与食品采购供应链,union fight | may have | brewing,"food, agricultural products",Chipotle,,3851256 chipotle may have a union fight of its own brewing,https://seekingalpha.com/news/3851256-chipotle-may-have-a-union-fight-of-its-own-brewing,3851256 chipotle may have a union fight of its own brewing,
us_chip_export_controls_2022-2022-07-11-0000-1,us_chip_export_controls_2022,2022-07-11,forward_looking,0.75,欧洲部署美军坦克引发对白俄罗斯和俄罗斯军事侵略风险上升的警告，可能波及区域能源与农产品供应链,us tanks in europe | risk of military aggression,"energy, agricultural products, metals",,"Europe, Belarus, Russia",chibisov the more us tanks in europe the higher the risk of military aggression for belarus and russ,https://www.sb.by/en/chibisov-the-more-us-tanks-in-europe-the-higher-the-risk-of-military-aggression-for-belarus-and-russ.html,chibisov the more us tanks in europe the higher the risk of military aggression for belarus and russ,
us_chip_export_controls_2022-2022-07-26-0003-1,us_chip_export_controls_2022,2022-07-26,forward_looking,0.85,美国西部州长呼吁国会通过《芯片法案》，预示半导体供应链监管与补贴政策即将调整,call on congress | pass chips act,semiconductors,,"Oregon, United States",oregons brown other western governors call on congress to pass chips act,https://oregoncapitalchronicle.com/briefs/oregons-brown-other-western-governors-call-on-congress-to-pass-chips-act/,oregons brown other western governors call on congress to pass chips act,
us_chip_export_controls_2022-2022-08-10-0006-1,us_chip_export_controls_2022,2022-08-10,forward_looking,0.85,美国《芯片与科学法案》旨在推动半导体制造回流本土，可能引发全球半导体供应链产能重组与地缘布局调整风险。,chips and science act | will bring,semiconductors,,United States,the new chips and science act will bring semiconductor chip manufacturing to the u s,https://www.wqcs.org/2022-08-09/the-new-chips-and-science-act-will-bring-semiconductor-chip-manufacturing-to-the-u-s,the new chips and science act will bring semiconductor chip manufacturing to the u s,
us_chip_export_controls_2022-2022-08-25-0001-1,us_chip_export_controls_2022,2022-08-25,forward_looking,0.85,英伟达（Nvidia）预警第三季度业绩将面临挑战，受个人电脑（PC）市场低迷及销量下滑影响,forecasts challenging | pc slump | drop sales,"semiconductors, personal computers",Nvidia,,nvidia forecasts challenging q3 amid pc slump drop sales,http://www.itechpost.com/articles/113282/20220825/nvidia-forecasts-challenging-q3-amid-pc-slump-drop-sales.htm,nvidia forecasts challenging q3 amid pc slump drop sales,
us_chip_export_controls_2022-2022-08-26-0000-1,us_chip_export_controls_2022,2022-08-26,latent,0.5,美中新科技冷战持续发酵，半导体价值链面临潜在的地缘政治与监管风险,semiconductor value chain | us china tech cold war,semiconductors,,"United States, China",seeking truth through facts 2022 roawen chen semiconductor value chain new us china tech cold war,https://asiasociety.org/northern-california/seeking-truth-through-facts-2022-roawen-chen-semiconductor-value-chain-new-us-china-tech-cold-war,seeking truth through facts 2022 roawen chen semiconductor value chain new us china tech cold war,
us_chip_export_controls_2022-2022-09-01-0002-1,us_chip_export_controls_2022,2022-09-01,forward_looking,0.85,英伟达因警告称对华限制措施可能损害其销售额而股价下跌，反映出口管制政策对半导体供应链及企业营收的潜在冲击。,china restriction | may hurt sales,semiconductors,NVIDIA,"China, United States",nvidia declines on warning that china restriction may hurt sales 1.1813088,https://www.bnnbloomberg.ca/nvidia-declines-on-warning-that-china-restriction-may-hurt-sales-1.1813088,nvidia declines on warning that china restriction may hurt sales 1.1813088,
us_chip_export_controls_2022-2022-09-11-0001-1,us_chip_export_controls_2022,2022-09-11,forward_looking,0.85,台海紧张局势提醒科技行业需多元化芯片制造商以防范潜在供应中断风险。,taiwan china tensions | diversify chip manufacturers,semiconductors,,"Taiwan, China",taiwan china tensions a reminder to tech diversify chip manufacturers 5805992,https://www.thereminder.ca/the-mix/taiwan-china-tensions-a-reminder-to-tech-diversify-chip-manufacturers-5805992,taiwan china tensions a reminder to tech diversify chip manufacturers 5805992,
us_chip_export_controls_2022-2022-09-12-0000-1,us_chip_export_controls_2022,2022-09-12,forward_looking,0.85,台海紧张局势提醒科技企业需多元化芯片制造商以防范潜在供应中断风险。,taiwan china tensions | diversify chip manufacturers,semiconductors,,"Taiwan, China",taiwan china tensions a reminder to tech diversify chip manufacturers,https://www.vernonmorningstar.com/business/taiwan-china-tensions-a-reminder-to-tech-diversify-chip-manufacturers/,taiwan china tensions a reminder to tech diversify chip manufacturers,
us_chip_export_controls_2022-2022-10-04-0002-1,us_chip_export_controls_2022,2022-10-04,forward_looking,0.35,新地震灾害模型揭示更新后的威胁，提示潜在自然灾害风险，但缺乏具体地理位置与受影响商品信息,seismic hazard model | updated threat,,,,304131 new seismic hazard model reveals updated threat,https://www.sunlive.co.nz/news/304131-new-seismic-hazard-model-reveals-updated-threat.html,304131 new seismic hazard model reveals updated threat,
renesas_earthquake_2016-2015-02-04-0000-1,renesas_earthquake_2016,2015-02-04,latent,0.8,BC政府拨款用于应对潜在大地震风险。BC省拥有温哥华等重要港口，是北美关键物流枢纽，大地震可能对港口运营及跨境供应链构成潜在威胁。,allocate funds | major earthquake,"containerized goods, consumer goods, agricultural products",,"British Columbia, Canada",BC governments allocate funds for major earthquake 1013290W,http://journalofcommerce.com/Government/News/2016/2/BC-governments-allocate-funds-for-major-earthquake-1013290W/,BC governments allocate funds for major earthquake 1013290W,
renesas_earthquake_2016-2015-10-23-0001-1,renesas_earthquake_2016,2015-10-23,forward_looking,0.65,NASA 发布预警称洛杉矶即将发生 5.0 级地震，可能对该地区港口物流及消费品供应链造成潜在中断风险。,warns | imminent 5 0 magnitude l a earthquake,"containerized goods, consumer goods",,"Los Angeles, USA",nasa warns posts warning on imminent 5 0 magnitude l a earthquake blames global warming,http://satireworld.com/science-technology/201510220716/nasa-warns-posts-warning-on-imminent-5-0-magnitude-l-a-earthquake-blames-global-warming/,nasa warns posts warning on imminent 5 0 magnitude l a earthquake blames global warming,
renesas_earthquake_2016-2016-01-16-0000-1,renesas_earthquake_2016,2016-01-16,latent,0.5,俄克拉荷马州民众聚集州议会大厦表达对地震风险的担忧，该州为重要油气产区，潜在地震活动可能威胁能源开采与管道基础设施供应链。,earthquake concerns | pack capitol,"oil, natural gas",,Oklahoma,audio oklahomans pack capitol voice earthquake concerns,http://publicradiotulsa.org/post/audio-oklahomans-pack-capitol-voice-earthquake-concerns,audio oklahomans pack capitol voice earthquake concerns,
renesas_earthquake_2016-2016-01-20-0000-1,renesas_earthquake_2016,2016-01-20,forward_looking,0.75,俄克拉荷马州预警将发生多次地震活动，可能对当地能源基础设施及物流构成潜在威胁。,42 temblor | 5 earthquakes | to rattle oklahoma,"oil, natural gas",,Oklahoma,42 temblor among 5 earthquakes to rattle oklahoma,http://www.newschannel6now.com/story/31004593/42-temblor-among-5-earthquakes-to-rattle-oklahoma,42 temblor among 5 earthquakes to rattle oklahoma,
renesas_earthquake_2016-2016-01-27-0000-1,renesas_earthquake_2016,2016-01-27,forward_looking,0.65,俄勒冈州沿海数据浮标发出预警，可能预示毁灭性地震即将发生，或将对美洲西海岸港口物流及农业、消费品供应链造成潜在冲击。,could be precursor | devastating earthquake,"agricultural products, consumer goods",,"Oregon, USA",311031 Data buoy warning of event off coast of Oregon could be precursor to devastating earthquake Mainstream media immediately downplays event,http://www.sott.net/article/311031-Data-buoy-warning-of-event-off-coast-of-Oregon-could-be-precursor-to-devastating-earthquake-Mainstream-media-immediately-downplays-event,311031 Data buoy warning of event off coast of Oregon could be precursor to devastating earthquake Mainstream media immediately downplays event,
renesas_earthquake_2016-2016-02-04-0002-1,renesas_earthquake_2016,2016-02-04,latent,0.65,BC政府拨款应对重大地震风险，属自然灾害潜在威胁，可能影响当地基础设施、港口物流及大宗商品供应链。,allocate funds | major earthquake,"timber, agricultural products, containerized goods",,"British Columbia, Canada",BC governments allocate funds for major earthquake 1013290W,http://journalofcommerce.com/Government/News/2016/2/BC-governments-allocate-funds-for-major-earthquake-1013290W/,BC governments allocate funds for major earthquake 1013290W,
renesas_earthquake_2016-2016-02-11-0001-1,renesas_earthquake_2016,2016-02-11,forward_looking,0.6,洛杉矶及类似地区地震风险翻倍，可能影响西海岸港口物流及制造业供应链。,los angeles earthquakes | double earthquake risk,"consumer goods, agricultural products, electronics",,"Los Angeles, California, USA",los angeles earthquakes similar areas more double earthquake risk,http://www.natureworldnews.com/articles/19846/20160210/los-angeles-earthquakes-similar-areas-more-double-earthquake-risk.htm,los angeles earthquakes similar areas more double earthquake risk,
renesas_earthquake_2016-2016-03-30-0000-1,renesas_earthquake_2016,2016-03-30,forward_looking,0.65,水力压裂（fracking）作业引发的人为地震风险，可能威胁当地油气开采设施及周边基础设施，进而影响能源供应链。,fracking fallout | at risk of | man made earthquakes,"oil, natural gas",,,fracking fallout 7 9 million at risk of man made earthquakes,http://www.wbap.com/news/fracking-fallout-7-9-million-at-risk-of-man-made-earthquakes/,fracking fallout 7 9 million at risk of man made earthquakes,
renesas_earthquake_2016-2016-04-15-0000-1,renesas_earthquake_2016,2016-04-15,forward_looking,0.6,预测全球范围内将发生强烈地震，可能对基础设施及制造业供应链构成潜在威胁。,massive earthquake predicted | major tremors worldwide,"infrastructure, manufacturing goods, logistics",,Global,massive earthquake predicted major tremors worldwide,http://www.inquisitr.com/2996749/massive-earthquake-predicted-major-tremors-worldwide/,massive earthquake predicted major tremors worldwide,
toyota_steel_explosion_2019-2018-02-22-0001-1,toyota_steel_explosion_2019,2018-02-22,forward_looking,0.75,美国大使表示对钢铝征收的关税可能在数周内取消，反映贸易监管政策存在变动预期，可能影响相关金属供应链成本与流向。,tariffs on steel aluminum | could be gone in weeks,"steel, aluminum",,United States,u s tariffs on steel aluminum could be gone in weeks ambassador says,https://www.northislandgazette.com/news/u-s-tariffs-on-steel-aluminum-could-be-gone-in-weeks-ambassador-says/,u s tariffs on steel aluminum could be gone in weeks ambassador says,
toyota_steel_explosion_2019-2018-03-28-0000-1,toyota_steel_explosion_2019,2018-03-28,forward_looking,0.75,特朗普政府钢铁关税政策引发行业高管警告，预示钢铁供应链及下游产业可能面临成本上升与供应调整风险。,trump tariffs | steel ceos,steel,,United States,dont blink trump tariffs steel ceos tell u 231135553  finance,https://news.yahoo.com/dont-blink-trump-tariffs-steel-ceos-tell-u-231135553--finance.html,dont blink trump tariffs steel ceos tell u 231135553  finance,
toyota_steel_explosion_2019-2018-12-16-0000-1,toyota_steel_explosion_2019,2018-12-16,forward_looking,0.85,美国对中国加征钢铁关税可能引发贸易战，导致美国家庭成本上升及就业受损，对钢铁供应链构成监管与成本风险。,trade war | steel tariffs | could cost,steel,,"US, China",trump trade war china steel tariffs could cost us families jobs 2018 12,https://www.businessinsider.com/trump-trade-war-china-steel-tariffs-could-cost-us-families-jobs-2018-12,trump trade war china steel tariffs could cost us families jobs 2018 12,
toyota_steel_explosion_2019-2018-12-18-0002-1,toyota_steel_explosion_2019,2018-12-18,forward_looking,0.75,特朗普政府威胁对钢铁加征关税，可能冲击美国能源行业供应链,steel tariffs | threatened | U S energy,"steel, energy",,United States,Trump s steel tariffs threatend U S energy 13473133.php,https://www.expressnews.com/opinion/commentary/article/Trump-s-steel-tariffs-threatend-U-S-energy-13473133.php,Trump s steel tariffs threatend U S energy 13473133.php,
toyota_steel_explosion_2019-2018-12-19-0000-1,toyota_steel_explosion_2019,2018-12-19,forward_looking,0.75,英国为无协议脱欧做准备，可能引发贸易监管变化、关税壁垒及跨境物流中断风险。,no deal brexit | steels itself,"consumer goods, automotive parts, pharmaceuticals",,"United Kingdom, European Union",uk steels itself for no deal brexit 20181219 p50n3e,https://www.watoday.com.au/world/europe/uk-steels-itself-for-no-deal-brexit-20181219-p50n3e.html,uk steels itself for no deal brexit 20181219 p50n3e,
toyota_steel_explosion_2019-2018-12-20-0001-1,toyota_steel_explosion_2019,2018-12-20,forward_looking,0.35,传闻称伊朗可能对美国海军舰艇发动虚假袭击，引发巴林及波斯湾地区地缘政治紧张，潜在威胁霍尔木兹海峡航运安全。,murdered in bahrain | fake iranian attack | us naval vessel,"oil, natural gas, petrochemicals",,"Bahrain, Iran, Persian Gulf",robert steele us admiral scott stearney murdered in bahrain rumored to have opposed false flag zionists will fake iranian attack on us naval vessel,https://phibetaiota.net/2018/12/robert-steele-us-admiral-scott-stearney-murdered-in-bahrain-rumored-to-have-opposed-false-flag-zionists-will-fake-iranian-attack-on-us-naval-vessel/,robert steele us admiral scott stearney murdered in bahrain rumored to have opposed false flag zionists will fake iranian attack on us naval vessel,
toyota_steel_explosion_2019-2018-12-20-0003-1,toyota_steel_explosion_2019,2018-12-20,forward_looking,0.65,印度国家公司法上诉法庭就Bhushan Power and Steel公司案件保留裁决，财务重组结果未定，可能引发钢铁供应链不确定性。,NCLAT reserves order | Bhushan Power and Steel,steel,Bhushan Power and Steel,India,NCLAT reserves order on Bhushan Power and Steel,https://www.livemint.com/Companies/3x194TMsjdlNcfhUaIoJZO/NCLAT-reserves-order-on-Bhushan-Power-and-Steel.html,NCLAT reserves order on Bhushan Power and Steel,
toyota_steel_explosion_2019-2019-02-08-0003-1,toyota_steel_explosion_2019,2019-02-08,forward_looking,0.85,美国国际贸易委员会（ITC）将针对中国钢制车轮的听证会日期定于3月14日，可能引发关税或贸易限制调整，影响相关供应链。,itc sets | march 14 | chinese steel wheel hearing,steel wheels,,"China, United States",itc sets march 14 as new date for chinese steel wheel hearing,https://www.tirebusiness.com/article/20190207/NEWS/190209962/itc-sets-march-14-as-new-date-for-chinese-steel-wheel-hearing,itc sets march 14 as new date for chinese steel wheel hearing,
toyota_steel_explosion_2019-2019-02-08-0007-1,toyota_steel_explosion_2019,2019-02-08,forward_looking,0.65,美国国会就USMCA谈判期间遗留的钢铁和铝关税展开激烈博弈，可能引发贸易政策变动及供应链成本上升风险。,lingering steel aluminum tariffs | tough fight congress,"steel, aluminum",,"United States, Mexico, Canada",usmca tough fight congress lingering steel aluminum tariffs,https://www.nationalhogfarmer.com/agenda/usmca-tough-fight-congress-lingering-steel-aluminum-tariffs,usmca tough fight congress lingering steel aluminum tariffs,
toyota_steel_explosion_2019-2019-02-22-0001-1,toyota_steel_explosion_2019,2019-02-22,forward_looking,0.7,大使表示钢铁和铝关税或将很快取消，涉及贸易监管政策调整,steel aluminum tariffs | lifted soon,"steel, aluminum",,,steel aluminum tariffs lifted soon ambassador,https://q107.com/news/4984640/steel-aluminum-tariffs-lifted-soon-ambassador/,steel aluminum tariffs lifted soon ambassador,
toyota_steel_explosion_2019-2019-02-22-0002-1,toyota_steel_explosion_2019,2019-02-22,forward_looking,0.85,美国大使表示对钢铝的关税可能在数周内取消，监管政策变动可能引发供应链成本与采购策略调整风险。,tariffs on steel aluminum | could be gone in weeks,"steel, aluminum",,United States,u s tariffs on steel aluminum could be gone in weeks ambassador says,https://www.cloverdalereporter.com/news/u-s-tariffs-on-steel-aluminum-could-be-gone-in-weeks-ambassador-says/,u s tariffs on steel aluminum could be gone in weeks ambassador says,
toyota_steel_explosion_2019-2019-02-22-0003-1,toyota_steel_explosion_2019,2019-02-22,forward_looking,0.85,美国大使表示对钢铝的关税可能在数周内取消，监管政策变动可能引发供应链成本与采购策略调整风险。,tariffs on steel aluminum | could be gone in weeks,"steel, aluminum",,United States,u s tariffs on steel aluminum could be gone in weeks ambassador says,https://www.northislandgazette.com/news/u-s-tariffs-on-steel-aluminum-could-be-gone-in-weeks-ambassador-says/,u s tariffs on steel aluminum could be gone in weeks ambassador says,
toyota_steel_explosion_2019-2019-03-02-0001-1,toyota_steel_explosion_2019,2019-03-02,forward_looking,0.75,墨西哥正考虑针对美国的新贸易目标以施压特朗普政府关于钢铁关税的政策，可能引发双边贸易摩擦升级及钢铁供应链成本波动。,steel tariffs | pressure trump | fresh us targets,steel,"Mexico, United States","Mexico, United States",mexico eyes fresh us targets to pressure trump over steel tariffs idINKCN1QI5LV,https://in.reuters.com/article/us-usa-trade-mexico/mexico-eyes-fresh-us-targets-to-pressure-trump-over-steel-tariffs-idINKCN1QI5LV,mexico eyes fresh us targets to pressure trump over steel tariffs idINKCN1QI5LV,
toyota_steel_explosion_2019-2019-03-07-0002-1,toyota_steel_explosion_2019,2019-03-07,forward_looking,0.85,"Toyota warns of a potential operational pullout from Britain in the event of a no-deal Brexit, posing risks to automotive manufacturing and supply chains in the UK.",warns potential pullout | no deal brexit,"automotive parts, vehicles",Toyota,Britain,toyota warns potential pullout britain no deal brexit,https://europe.autonews.com/automakers/toyota-warns-potential-pullout-britain-no-deal-brexit,toyota warns potential pullout britain no deal brexit,
toyota_steel_explosion_2019-2019-03-18-0001-1,toyota_steel_explosion_2019,2019-03-18,forward_looking,0.75,印度钢铁行业面临可能的普惠制(GSP)取消风险，但市场评估该贸易政策变动对供应链影响极小，视为非实质性事件。,possible gsp withdrawal | non event | indian steel mills,steel,Indian steel mills,India,for indian steel mills possible gsp withdrawal is a non event,https://www.hellenicshippingnews.com/for-indian-steel-mills-possible-gsp-withdrawal-is-a-non-event/,for indian steel mills possible gsp withdrawal is a non event,
toyota_steel_explosion_2019-2019-03-27-0000-1,toyota_steel_explosion_2019,2019-03-27,forward_looking,0.8,ArcelorMittal 可能无法在3月31日前向 Essar Steel 贷款方支付款项，存在财务违约风险，可能波及钢铁供应链运营。,unlikely to get | payment by march 31,steel,"ArcelorMittal, Essar Steel",,essar steel lenders unlikely to get arcelormittal payment by march 31 119032700972 1,https://www.business-standard.com/article/companies/essar-steel-lenders-unlikely-to-get-arcelormittal-payment-by-march-31-119032700972_1.html,essar steel lenders unlikely to get arcelormittal payment by march 31 119032700972 1,
toyota_steel_explosion_2019-2019-04-10-0000-1,toyota_steel_explosion_2019,2019-04-10,forward_looking,0.65,呼吁制定淡水战略以保护钢铁行业，提示水资源短缺可能对钢铁生产供应链构成潜在威胁。,calls for freshwater strategy | steel industry protection,steel,,,ramsey calls for freshwater strategy steel industry protection,https://windsorstar.com/business/ramsey-calls-for-freshwater-strategy-steel-industry-protection,ramsey calls for freshwater strategy steel industry protection,
toyota_steel_explosion_2019-2019-04-13-0001-1,toyota_steel_explosion_2019,2019-04-13,forward_looking,0.85,钢铁与水泥行业一季度盈利预期疲软，提示潜在需求冲击或成本上升风险，可能影响相关供应链财务稳定性。,softer q1 earnings seen | steel and cement firms,"steel, cement",,,softer q1 earnings seen for steel and cement firms,https://www.thestar.com.my/business/business-news/2019/04/12/softer-q1-earnings-seen-for-steel-and-cement-firms/,softer q1 earnings seen for steel and cement firms,
toyota_steel_explosion_2019-2019-04-18-0002-1,toyota_steel_explosion_2019,2019-04-18,forward_looking,0.9,美国宣布将取消对加拿大和墨西哥进口钢铁和铝的关税，属于贸易监管政策调整，将直接影响相关金属的跨境供应链成本与贸易流向。,lift steel aluminum tariffs | imports from canada mexico,"steel, aluminum",,"United States, Canada, Mexico",u s will lift steel aluminum tariffs on imports from canada mexico,https://reason.com/2019/05/17/u-s-will-lift-steel-aluminum-tariffs-on-imports-from-canada-mexico/,u s will lift steel aluminum tariffs on imports from canada mexico,
toyota_steel_explosion_2019-2019-04-24-0001-1,toyota_steel_explosion_2019,2019-04-24,forward_looking,0.5,爆炸事件威胁锂离子电池生产与供应链安全,explosions threatening | lithium ion,"lithium-ion batteries, lithium",,,explosions threatening lithium ion apos 090101430,https://finance.yahoo.com/news/explosions-threatening-lithium-ion-apos-090101430.html,explosions threatening lithium ion apos 090101430,
toyota_steel_explosion_2019-2019-05-10-0000-1,toyota_steel_explosion_2019,2019-05-10,forward_looking,0.5,文本呼吁反对钢铁配额限制，暗示相关贸易监管政策可能出台或调整，存在供应链中断风险。,Say no to steel quotas,steel,,,article Say no to steel quotas,http://www.gilmermirror.com/view/full_story/27642907/article-Say-no-to-steel-quotas,article Say no to steel quotas,
toyota_steel_explosion_2019-2019-05-15-0000-1,toyota_steel_explosion_2019,2019-05-15,forward_looking,0.85,加拿大和墨西哥敦促美国取消钢铝关税，可能引发贸易政策调整及供应链成本变化,push us to lift | steel aluminum tariffs,"steel, aluminum",,"Canada, Mexico, United States",canada mexico push us to lift steel aluminum tariffs,https://www.journalducameroun.com/en/canada-mexico-push-us-to-lift-steel-aluminum-tariffs/,canada mexico push us to lift steel aluminum tariffs,
toyota_steel_explosion_2019-2019-05-16-0001-1,toyota_steel_explosion_2019,2019-05-16,forward_looking,0.85,美国财长姆努钦关于钢铁和铝关税的协议即将达成，可能引发贸易政策调整及供应链成本波动,steel and aluminum tariffs | is close,"steel, aluminum",,,mnuchin deal on steel and aluminum tariffs is close,https://brownfieldagnews.com/news/mnuchin-deal-on-steel-and-aluminum-tariffs-is-close/,mnuchin deal on steel and aluminum tariffs is close,
toyota_steel_explosion_2019-2019-05-18-0001-1,toyota_steel_explosion_2019,2019-05-18,forward_looking,0.9,美国宣布将取消对加拿大和墨西哥的钢铁和铝关税，涉及贸易监管政策调整，可能引发供应链采购策略与物流流向的短期重构。,lift tariffs | steel and aluminum,"steel, aluminum",,"United States, Canada, Mexico",us will lift tariffs steel and aluminum canada and mexico,https://www.wfdd.org/story/us-will-lift-tariffs-steel-and-aluminum-canada-and-mexico,us will lift tariffs steel and aluminum canada and mexico,
toyota_steel_explosion_2019-2019-05-18-0003-1,toyota_steel_explosion_2019,2019-05-18,forward_looking,0.9,美国宣布将取消对加拿大和墨西哥的钢铁和铝关税，涉及贸易监管政策调整，可能引发供应链采购策略与物流流向的短期重构。,lift tariffs | steel and aluminum,"steel, aluminum",,"United States, Canada, Mexico",us will lift tariffs steel and aluminum canada and mexico,https://www.wnmufm.org/post/us-will-lift-tariffs-steel-and-aluminum-canada-and-mexico,us will lift tariffs steel and aluminum canada and mexico,
toyota_steel_explosion_2019-2019-05-18-0006-1,toyota_steel_explosion_2019,2019-05-18,forward_looking,0.9,美国宣布将取消对加拿大和墨西哥钢铁及铝产品的进口关税，属贸易监管政策调整，将影响相关金属跨境供应链成本与流向。,lift steel aluminum tariffs | imports from canada mexico,"steel, aluminum",,"United States, Canada, Mexico",u s will lift steel aluminum tariffs on imports from canada mexico,https://reason.com/2019/05/17/u-s-will-lift-steel-aluminum-tariffs-on-imports-from-canada-mexico/,u s will lift steel aluminum tariffs on imports from canada mexico,
toyota_steel_explosion_2019-2019-05-19-0001-1,toyota_steel_explosion_2019,2019-05-19,forward_looking,0.6,British Steel 面临财务危机或破产风险，可能引发钢铁供应链中断,British Steel | next disaster,steel,British Steel,United Kingdom,is british steel greybull capitals next disaster gzqrv5q6w,https://www.thetimes.co.uk/edition/business/is-british-steel-greybull-capitals-next-disaster-gzqrv5q6w,is british steel greybull capitals next disaster gzqrv5q6w,
toyota_steel_explosion_2019-2019-05-21-0003-1,toyota_steel_explosion_2019,2019-05-21,forward_looking,0.85,英国钢铁公司面临破产风险，可能导致25000个岗位流失，或引发区域钢铁供应中断,risks collapse | 25000 jobs at stake,steel,British Steel,United Kingdom,british steel risks collapse with 25000 jobs at stake idUSKCN1SR0N2,https://www.reuters.com/article/us-britain-steel/british-steel-risks-collapse-with-25000-jobs-at-stake-idUSKCN1SR0N2,british steel risks collapse with 25000 jobs at stake idUSKCN1SR0N2,
toyota_steel_explosion_2019-2019-05-23-0001-1,toyota_steel_explosion_2019,2019-05-23,forward_looking,0.65,加拿大钢铁贸易政策文件仍需进一步工作，可能涉及关税或贸易管制调整，对钢铁供应链构成潜在监管风险,more work ahead | canadas steel file,steel,Sheehan,Canada,sheehan more work ahead on canadas steel file,https://www.saultstar.com/news/local-news/sheehan-more-work-ahead-on-canadas-steel-file,sheehan more work ahead on canadas steel file,
toyota_steel_explosion_2019-2019-05-23-0002-1,toyota_steel_explosion_2019,2019-05-23,forward_looking,0.85,英国钢铁企业寻找买家时间紧迫，若未能成功交易可能面临停产或破产，进而引发区域钢铁供应中断风险。,clock ticking | find british steel buyer,steel,British Steel,United Kingdom,clock ticking on efforts to find british steel buyer idUKKCN1ST1UL,https://uk.reuters.com/article/uk-britain-steel/clock-ticking-on-efforts-to-find-british-steel-buyer-idUKKCN1ST1UL,clock ticking on efforts to find british steel buyer idUKKCN1ST1UL,
toyota_steel_explosion_2019-2019-05-25-0001-1,toyota_steel_explosion_2019,2019-05-25,forward_looking,0.65,加拿大总理特鲁多宣布将采取措施保护钢铁行业工人，暗示可能出台贸易保护或关税政策，或导致钢铁供应链成本上升或贸易流向调整。,will protect | steel industry workers,steel,Canadian Government,Canada,canada will protect its steel industry workers pm justin trudeau 1471986,https://www.sootoday.com/local-news/canada-will-protect-its-steel-industry-workers-pm-justin-trudeau-1471986,canada will protect its steel industry workers pm justin trudeau 1471986,
toyota_steel_explosion_2019-2019-05-28-0002-1,toyota_steel_explosion_2019,2019-05-28,forward_looking,0.75,市场担忧中国钢铁倾销可能引发贸易监管措施，影响FY20钢铁供应与价格预期,concerns over dumping | from china | steel may grow,steel,,China,steel may grow by 6 8 pc in fy20 amid concerns over dumping from china 119052801261 1,https://www.business-standard.com/article/economy-policy/steel-may-grow-by-6-8-pc-in-fy20-amid-concerns-over-dumping-from-china-119052801261_1.html,steel may grow by 6 8 pc in fy20 amid concerns over dumping from china 119052801261 1,
port_los_angeles_backlog_2021-2021-06-13-0000-1,port_los_angeles_backlog_2021,2021-06-13,forward_looking,0.75,乳制品与威士忌行业强调需保护跨境供应链，提示可能面临边境管制或贸易政策变动引发的供应中断风险。,stress need to protect | cross border supply chains,"dairy, whiskey",,,dairy and whiskey sectors stress need to protect cross border supply chains,https://www.agriland.ie/farming-news/dairy-and-whiskey-sectors-stress-need-to-protect-cross-border-supply-chains/,dairy and whiskey sectors stress need to protect cross border supply chains,
port_los_angeles_backlog_2021-2021-06-18-0000-1,port_los_angeles_backlog_2021,2021-06-18,forward_looking,0.8,英国超市表示若北爱尔兰贸易问题未得到解决，可能将供应链转移至欧盟。,may shift supply chains | if n ireland trade not addressed,"consumer goods, food",British supermarkets,"United Kingdom, Northern Ireland, European Union",british supermarkets may shift supply chains to eu if n ireland trade not addressed,https://nationalpost.com/pmn/news-pmn/british-supermarkets-may-shift-supply-chains-to-eu-if-n-ireland-trade-not-addressed,british supermarkets may shift supply chains to eu if n ireland trade not addressed,
port_los_angeles_backlog_2021-2021-07-12-0000-1,port_los_angeles_backlog_2021,2021-07-12,forward_looking,0.65,英国政府加强食品供应链网络安全，提示潜在网络攻击风险,boost cyber security | food supply chains,"food, agricultural products",UK Government,UK,uk government boost cyber security food supply chains,https://www.computing.co.uk/news/4034283/uk-government-boost-cyber-security-food-supply-chains,uk government boost cyber security food supply chains,
port_los_angeles_backlog_2021-2021-07-18-0000-1,port_los_angeles_backlog_2021,2021-07-18,forward_looking,0.8,英国超市警告若北爱尔兰贸易问题未解决，可能将供应链转移至欧盟。,may shift supply chains | if n ireland trade not addressed,"consumer goods, food products",British supermarkets,"United Kingdom, Northern Ireland, European Union",british supermarkets may shift supply chains to eu if n ireland trade not addressed,https://nationalpost.com/pmn/news-pmn/british-supermarkets-may-shift-supply-chains-to-eu-if-n-ireland-trade-not-addressed,british supermarkets may shift supply chains to eu if n ireland trade not addressed,
port_los_angeles_backlog_2021-2021-07-19-0000-1,port_los_angeles_backlog_2021,2021-07-19,latent,0.6,南非燃料供应链存在基础设施或物流脆弱环节，可能在未来引发区域性供应中断风险。,vulnerable points | fuel supply chain,"fuel, oil",,South Africa,the vulnerable points in south africa s fuel supply chain 78022,https://www.downtoearth.org.in/blog/africa/the-vulnerable-points-in-south-africa-s-fuel-supply-chain-78022,the vulnerable points in south africa s fuel supply chain 78022,
port_los_angeles_backlog_2021-2021-08-03-0000-1,port_los_angeles_backlog_2021,2021-08-03,forward_looking,0.9,报告指出加拿大供应链存在高奴隶制风险，呼吁实施更严格的进口管制和新的尽职调查法律，可能引发合规审查收紧与进口流程延迟。,high risk of slavery | stricter import controls | new due diligence law,"consumer goods, agricultural products, minerals",,Canada,report finds high risk of slavery in canadian supply chains calls for stricter import controls and new due diligence law,https://www.business-humanrights.org/es/%C3%BAltimas-noticias/report-finds-high-risk-of-slavery-in-canadian-supply-chains-calls-for-stricter-import-controls-and-new-due-diligence-law/,report finds high risk of slavery in canadian supply chains calls for stricter import controls and new due diligence law,
port_los_angeles_backlog_2021-2021-08-30-0000-1,port_los_angeles_backlog_2021,2021-08-30,forward_looking,0.65,全球供应链一线工人发出系统崩溃警告，预示物流与劳工环节面临大规模中断风险,warning of a system collapse | global supply chains moving,"containerized goods, consumer goods",,Global,the workers who keep global supply chains moving are warning of a system collapse,https://www.kitv.com/story/44850400/the-workers-who-keep-global-supply-chains-moving-are-warning-of-a-system-collapse,the workers who keep global supply chains moving are warning of a system collapse,
port_los_angeles_backlog_2021-2021-09-17-0000-1,port_los_angeles_backlog_2021,2021-09-17,forward_looking,0.65,腰果行业会议将讨论供应链挑战，提示该品类供应链存在潜在运营或物流压力。,Cashew conference | supply chain challenges,"cashews, agricultural products",,,Cashew conference to address supply chain challenges 1359073,https://www.ghanaweb.com/GhanaHomePage/business/Cashew-conference-to-address-supply-chain-challenges-1359073,Cashew conference to address supply chain challenges 1359073,
port_los_angeles_backlog_2021-2021-09-25-0000-1,port_los_angeles_backlog_2021,2021-09-25,forward_looking,0.65,四方安全对话峰会计划讨论阿富汗供应链问题，反映该地区因地缘政治动荡可能面临供应链中断或需国际协调的风险。,quad summit | discuss afghanistan supply chains,"agricultural products, humanitarian supplies",,Afghanistan,quad summit to discuss afghanistan supply chains,https://www.shanghaisun.com/news/271286223/quad-summit-to-discuss-afghanistan-supply-chains,quad summit to discuss afghanistan supply chains,
port_los_angeles_backlog_2021-2021-09-26-0000-1,port_los_angeles_backlog_2021,2021-09-26,forward_looking,0.85,英国政府针对外籍重型货车（HGV）司机的签证计划被评估为不足以缓解即将到来的圣诞节供应链中断风险，物流运力短缺可能引发季节性供应瓶颈。,foreign hgv driver visa plan | insufficient fix | christmas supply chain issues,"consumer goods, retail products",,United Kingdom,19605661.foreign hgv driver visa plan insufficient fix christmas supply chain issues,https://www.readingchronicle.co.uk/news/national/19605661.foreign-hgv-driver-visa-plan-insufficient-fix-christmas-supply-chain-issues/,19605661.foreign hgv driver visa plan insufficient fix christmas supply chain issues,
port_los_angeles_backlog_2021-2021-09-29-0000-1,port_los_angeles_backlog_2021,2021-09-29,forward_looking,0.75,美光科技在业绩指引中警告供应链问题或将影响客户交付,supply chain issues | impact customers,semiconductors,Micron Technology,,micron technology guidance supply chain issues impact customers,https://www.foxbusiness.com/markets/micron-technology-guidance-supply-chain-issues-impact-customers,micron technology guidance supply chain issues impact customers,
covid_supply_disruption_2020-2020-01-20-0004-1,covid_supply_disruption_2020,2020-01-20,forward_looking,0.85,中国最高领导人下令遏制新型冠状病毒传播，预示可能实施封锁或限制措施，导致供应链中断风险。,orders to curb | new coronavirus spread,"consumer goods, electronics, automotive parts, pharmaceuticals",China,China,China President Xi orders to curb new coronavirus spread,https://www.daily-sun.com/post/455633/China-President-Xi-orders-to-curb-new-coronavirus-spread,China President Xi orders to curb new coronavirus spread,
covid_supply_disruption_2020-2020-01-22-0033-1,covid_supply_disruption_2020,2020-01-22,forward_looking,0.85,菲律宾官员 Biazon 要求航空当局暂停来自武汉的入境航班，可能导致物流中断和供应链延迟。,halt incoming flights | from wuhan,"consumer goods, electronics, pharmaceuticals",Biazon,"Philippines, Wuhan, China",biazon wants ph aviation authorities to halt incoming flights from wuhan,https://news.abs-cbn.com/news/01/22/20/biazon-wants-ph-aviation-authorities-to-halt-incoming-flights-from-wuhan,biazon wants ph aviation authorities to halt incoming flights from wuhan,
europe_energy_crisis_2022-2022-03-06-0001-1,europe_energy_crisis_2022,2022-03-06,forward_looking,0.85,丹麦计划逐步淘汰俄罗斯天然气，可能导致天然气供应来源调整及潜在短缺风险。,looks to phase out | russian gas,natural gas,Denmark,"Denmark, Russia",denmark looks to phase out russian gas,https://www.energylivenews.com/2022/03/07/denmark-looks-to-phase-out-russian-gas/,denmark looks to phase out russian gas,
europe_energy_crisis_2022-2022-03-07-0000-1,europe_energy_crisis_2022,2022-03-07,forward_looking,0.85,丹麦计划逐步淘汰俄罗斯天然气，可能导致天然气供应来源调整及潜在短缺风险。,looks to phase out | russian gas,natural gas,Denmark,"Denmark, Russia",denmark looks to phase out russian gas,https://www.energylivenews.com/2022/03/07/denmark-looks-to-phase-out-russian-gas/,denmark looks to phase out russian gas,
europe_energy_crisis_2022-2022-03-08-0001-1,europe_energy_crisis_2022,2022-03-08,forward_looking,0.9,德国加速建设首个LNG终端计划，以替代俄罗斯天然气供应，反映能源供应链重组风险。,speeds plan | alternate to russian gas,"natural gas, LNG",Germany,Germany,germany speeds plan for first lng terminal as alternate to russian gas,https://www.maritime-executive.com/article/germany-speeds-plan-for-first-lng-terminal-as-alternate-to-russian-gas,germany speeds plan for first lng terminal as alternate to russian gas,
europe_energy_crisis_2022-2022-03-10-0000-1,europe_energy_crisis_2022,2022-03-10,forward_looking,0.9,德国无视迫在眉睫的能源危机，决定关闭所有核电站，可能导致电力供应紧张及能源价格波动。,ignores looming energy crisis | close all nuclear power plants,"electricity, natural gas, coal",Germany,Germany,germany ignores looming energy crisis to close all nuclear power plants,https://www.breitbart.com/europe/2022/03/10/germany-ignores-looming-energy-crisis-to-close-all-nuclear-power-plants/,germany ignores looming energy crisis to close all nuclear power plants,
europe_energy_crisis_2022-2022-03-28-0000-1,europe_energy_crisis_2022,2022-03-28,forward_looking,0.85,立陶宛敦促欧盟减少俄罗斯天然气进口，欧盟正在讨论新的制裁措施，可能导致能源供应中断或价格波动。,urges eu to cut | russian gas imports | discusses new sanctions,natural gas,"European Union, Lithuania","Lithuania, European Union, Russia",lithuania urges eu to cut russian gas imports as bloc discusses new sanctions,https://www.lrt.lt/en/news-in-english/19/1662525/lithuania-urges-eu-to-cut-russian-gas-imports-as-bloc-discusses-new-sanctions,lithuania urges eu to cut russian gas imports as bloc discusses new sanctions,
europe_energy_crisis_2022-2022-04-03-0000-1,europe_energy_crisis_2022,2022-04-03,forward_looking,0.9,德国工业联合会 (BDI) 警告，若缺乏俄罗斯天然气供应，德国工业将面临崩溃风险，凸显能源供应链的高度脆弱性。,would collapse | without russian gas,"natural gas, industrial goods","German Industry, Russia","Germany, Russia",german industry would collapse without russian gas bdi,https://www.japanherald.com/news/272446032/german-industry-would-collapse-without-russian-gas-bdi,german industry would collapse without russian gas bdi,
europe_energy_crisis_2022-2022-04-04-0000-1,europe_energy_crisis_2022,2022-04-04,forward_looking,0.85,立陶宛敦促欧盟减少俄罗斯天然气进口，欧盟正在讨论新的制裁措施，可能导致能源供应中断或价格波动。,urges eu to cut | russian gas imports | discusses new sanctions,natural gas,"European Union, Lithuania","Lithuania, European Union, Russia",lithuania urges eu to cut russian gas imports as bloc discusses new sanctions,https://www.lrt.lt/en/news-in-english/19/1662525/lithuania-urges-eu-to-cut-russian-gas-imports-as-bloc-discusses-new-sanctions,lithuania urges eu to cut russian gas imports as bloc discusses new sanctions,
europe_energy_crisis_2022-2022-04-05-0000-1,europe_energy_crisis_2022,2022-04-05,forward_looking,0.9,爱沙尼亚计划到今年秋季完全摆脱对俄罗斯天然气的依赖，涉及能源供应来源的重大结构性调整。,fully independent | russian gas | by fall,natural gas,,"Estonia, Russia",minister estonia to be fully independent from russian gas by fall,https://news.err.ee/1608555364/minister-estonia-to-be-fully-independent-from-russian-gas-by-fall,minister estonia to be fully independent from russian gas by fall,
europe_energy_crisis_2022-2022-04-20-0000-1,europe_energy_crisis_2022,2022-04-20,forward_looking,0.95,欧盟警告企业不要以卢布购买俄罗斯天然气，可能导致支付机制受阻及天然气供应中断风险。,eu warns | not to buy | russian gas | rubles,natural gas,"EU, Russia","European Union, Russia",eu warns companies not to buy russian gas in rubles,https://www.aljazeera.com/economy/2022/4/27/eu-warns-companies-not-to-buy-russian-gas-in-rubles,eu warns companies not to buy russian gas in rubles,
europe_energy_crisis_2022-2022-04-22-0000-1,europe_energy_crisis_2022,2022-04-22,forward_looking,0.85,欧洲天然气客户可能接受俄罗斯提出的付款条件，涉及能源贸易监管与支付机制变更风险,may accept | payment terms,natural gas,"Russia, European gas customers","Russia, Europe",russian gas customers in europe may accept putins payment terms,https://www.kake.com/story/46388772/russian-gas-customers-in-europe-may-accept-putins-payment-terms,russian gas customers in europe may accept putins payment terms,
europe_energy_crisis_2022-2022-04-27-0000-1,europe_energy_crisis_2022,2022-04-27,forward_looking,0.9,波兰和保加利亚面临俄罗斯天然气供应削减，原因是乌克兰危机升级。,face russian gas cut | ukraine crisis escalates,natural gas,"Russia, Poland, Bulgaria","Poland, Bulgaria, Russia, Ukraine",poland and bulgaria face russian gas cut as ukraine crisis escalates,https://www.thestar.com.my/news/world/2022/04/27/poland-and-bulgaria-face-russian-gas-cut-as-ukraine-crisis-escalates,poland and bulgaria face russian gas cut as ukraine crisis escalates,
europe_energy_crisis_2022-2022-04-27-0001-1,europe_energy_crisis_2022,2022-04-27,forward_looking,0.95,欧盟警告企业不要以卢布购买俄罗斯天然气，可能导致支付机制受阻及天然气供应中断风险。,eu warns | not to buy | russian gas | rubles,natural gas,"EU, Russia","European Union, Russia",eu warns companies not to buy russian gas in rubles,https://www.aljazeera.com/economy/2022/4/27/eu-warns-companies-not-to-buy-russian-gas-in-rubles,eu warns companies not to buy russian gas in rubles,
europe_energy_crisis_2022-2022-04-27-0002-1,europe_energy_crisis_2022,2022-04-27,forward_looking,0.95,BASF 计划于 7 月前逐步关闭其在俄罗斯和白俄罗斯的运营，导致当地化工供应链中断。,wind down | operations | by july,"chemicals, petrochemicals, plastics",BASF,"Russia, Belarus",3827643 basf to wind down russia belarus operations by july,https://seekingalpha.com/news/3827643-basf-to-wind-down-russia-belarus-operations-by-july,3827643 basf to wind down russia belarus operations by july,
europe_energy_crisis_2022-2022-04-29-0000-1,europe_energy_crisis_2022,2022-04-29,forward_looking,0.85,欧洲天然气客户可能接受普京提出的付款条件，暗示能源供应监管环境变化及潜在的支付合规风险。,may accept | payment terms,natural gas,"Russia, European gas customers","Europe, Russia",russian gas customers in europe may accept putins payment terms,https://www.kake.com/story/46388772/russian-gas-customers-in-europe-may-accept-putins-payment-terms,russian gas customers in europe may accept putins payment terms,
europe_energy_crisis_2022-2022-05-12-0000-1,europe_energy_crisis_2022,2022-05-12,forward_looking,0.85,欧盟计划退出俄罗斯天然气，报告指出这可能带来高昂的价格成本，暗示能源供应替代成本上升及潜在的价格冲击。,plan to quit russian gas | hefty price tag,natural gas,EU,"European Union, Russia",eus plan to quit russian gas may come with hefty price tag report,https://www.russiaherald.com/news/272547840/eus-plan-to-quit-russian-gas-may-come-with-hefty-price-tag-report,eus plan to quit russian gas may come with hefty price tag report,
europe_energy_crisis_2022-2022-05-12-0001-1,europe_energy_crisis_2022,2022-05-12,forward_looking,0.9,乌克兰切断俄罗斯天然气枢纽，导致对欧洲的天然气供应面临风险，同时东部战事持续。,cuts russian gas hub | risks supply to europe | war in east continues,natural gas,"Ukraine, Russia","Ukraine, Russia, Europe",ukraine cuts russian gas hub risks supply to europe while war in east continues,https://www.pbs.org/newshour/world/ukraine-cuts-russian-gas-hub-risks-supply-to-europe-while-war-in-east-continues,ukraine cuts russian gas hub risks supply to europe while war in east continues,
europe_energy_crisis_2022-2022-05-30-0000-1,europe_energy_crisis_2022,2022-05-30,forward_looking,0.85,英国能源危机加剧，预计今年冬季600万家庭可能面临停电风险，显示电力供应存在严重中断隐患。,could face power cuts | energy crisis worsens,"electricity, natural gas",UK National Grid,United Kingdom,six million uk homes could face power cuts this winter as energy crisis worsens,https://eandt.theiet.org/content/articles/2022/05/six-million-uk-homes-could-face-power-cuts-this-winter-as-energy-crisis-worsens/,six million uk homes could face power cuts this winter as energy crisis worsens,
europe_energy_crisis_2022-2022-06-14-0001-1,europe_energy_crisis_2022,2022-06-14,forward_looking,0.9,欧盟担忧俄罗斯天然气供应即将中断，面临能源供应链断裂风险,fears imminent end | russian gas deliveries,natural gas,,"European Union, Russia",european union fears imminent end of russian gas deliveries,https://www.neworleanssun.com/news/272619274/european-union-fears-imminent-end-of-russian-gas-deliveries,european union fears imminent end of russian gas deliveries,
europe_energy_crisis_2022-2022-07-13-0001-1,europe_energy_crisis_2022,2022-07-13,forward_looking,0.85,加拿大因决定归还 Nord Stream 1 涡轮机而面临法律诉讼，可能影响能源基础设施供应链及天然气供应恢复进程。,faces legal action | return nord stream 1 turbine,"natural gas, energy infrastructure",Canada,Canada,canada faces legal action over its decision to return nord stream 1 turbine,https://www.energylivenews.com/2022/07/13/canada-faces-legal-action-over-its-decision-to-return-nord-stream-1-turbine/,canada faces legal action over its decision to return nord stream 1 turbine,
europe_energy_crisis_2022-2022-07-14-0000-1,europe_energy_crisis_2022,2022-07-14,forward_looking,0.9,欧盟担忧俄罗斯天然气供应即将中断，面临能源供应危机风险。,fears imminent end | russian gas deliveries,natural gas,"European Union, Russia","European Union, Russia",european union fears imminent end of russian gas deliveries,https://www.neworleanssun.com/news/272619274/european-union-fears-imminent-end-of-russian-gas-deliveries,european union fears imminent end of russian gas deliveries,
europe_energy_crisis_2022-2022-07-25-0001-1,europe_energy_crisis_2022,2022-07-25,forward_looking,0.85,克里姆林宫表示北溪1号涡轮机将安装，但天然气输送量将根据情况调整，暗示供应恢复存在不确定性。,turbine be installed | volumes will adjust,natural gas,Nord Stream 1,"Russia, Germany",kremlin nord stream 1 turbine be installed volumes will adjust,https://english.aawsat.com/home/article/3778386/kremlin-nord-stream-1-turbine-be-installed-volumes-will-adjust,kremlin nord stream 1 turbine be installed volumes will adjust,
europe_energy_crisis_2022-2022-07-25-0002-1,europe_energy_crisis_2022,2022-07-25,forward_looking,0.85,尽管北溪管道重启，欧盟企业仍面临天然气供应中断的风险,face gas halt risk | despite nord stream restart,natural gas,EU companies,"Europe, Nord Stream",eu companies still face gas halt risk despite nord stream restart,https://www.hellenicshippingnews.com/eu-companies-still-face-gas-halt-risk-despite-nord-stream-restart/,eu companies still face gas halt risk despite nord stream restart,
europe_energy_crisis_2022-2022-07-28-0000-1,europe_energy_crisis_2022,2022-07-28,forward_looking,0.9,欧洲为应对俄罗斯天然气供应可能永久中断的风险，正加紧填充储气设施。,Braces For Permanent Halt | Russian Gas,natural gas,Russia,"Europe, Russia",Europe Looks To Fill Storage As It Braces For Permanent Halt Of Russian Gas,https://oilprice.com/Energy/Energy-General/Europe-Looks-To-Fill-Storage-As-It-Braces-For-Permanent-Halt-Of-Russian-Gas.html,Europe Looks To Fill Storage As It Braces For Permanent Halt Of Russian Gas,
europe_energy_crisis_2022-2022-08-24-0000-1,europe_energy_crisis_2022,2022-08-24,forward_looking,0.8,法国面临潜在的能源危机，可能影响天然气和电力供应,facing a potential energy crisis,"natural gas, electricity",France,France,france is facing a potential energy crisis,https://www.russiaherald.com/news/272697556/france-is-facing-a-potential-energy-crisis,france is facing a potential energy crisis,
