event_id,signal_id,signal_date,temporality,confidence,description,trigger_phrases,commodities,companies,geographies,article_title,article_url,article_text,human_label,zero_reason
red_sea_crisis_2023,red_sea_crisis_2023-2023-07-23-0001-1,2023-07-23,forward_looking,0.65,联合国表示救援队即将开始在也门海域抽取一艘生锈油轮内的原油，该油轮停泊位置可能对周边航运通道及原油运输构成潜在物流与环境风险。,salvage team | siphoning oil | rusting tanker | moored off yemen,oil,UN,Yemen,a salvage team is set to begin siphoning oil out of rusting tanker moored off yemen un says,https://www.winnipegfreepress.com/world/2023/07/23/a-salvage-team-is-set-to-begin-siphoning-oil-out-of-rusting-tanker-moored-off-yemen-un-says,a salvage team is set to begin siphoning oil out of rusting tanker moored off yemen un says,,
red_sea_crisis_2023,red_sea_crisis_2023-2023-09-15-0002-1,2023-09-15,latent,0.75,沙特阿拉伯邀请也门胡塞武装代表团赴利雅得举行停火谈判。也门局势及胡塞武装活动持续对红海/曼德海峡航运通道构成潜在威胁，可能影响亚欧航线物流。,saudi arabia invites | houthi delegation | ceasefire talks,"oil, consumer goods, containerized goods",,"Saudi Arabia, Yemen, Red Sea",saudi arabia invites yemens houthi delegation riyadh ceasefire talks spa 2023 09 14,https://www.reuters.com/world/middle-east/saudi-arabia-invites-yemens-houthi-delegation-riyadh-ceasefire-talks-spa-2023-09-14/,saudi arabia invites yemens houthi delegation riyadh ceasefire talks spa 2023 09 14,,
red_sea_crisis_2023,red_sea_crisis_2023-2023-10-10-0000-1,2023-10-10,forward_looking,0.75,伊拉克与也门的伊朗盟友因美国干预以色列局势而发出威胁，可能引发中东地区地缘政治紧张，进而威胁霍尔木兹海峡及红海航运安全与能源供应。,threaten U S | intervention in Israel,"oil, natural gas, petrochemicals, containerized goods",,"Iraq, Yemen, Israel, Middle East",Iran s allies in Iraq Yemen threaten U S over intervention in Israel 45029745,https://www.marketscreener.com/news/latest/Iran-s-allies-in-Iraq-Yemen-threaten-U-S-over-intervention-in-Israel-45029745/,Iran s allies in Iraq Yemen threaten U S over intervention in Israel 45029745,,
red_sea_crisis_2023,red_sea_crisis_2023-2023-05-16-0000-1,2023-05-16,forward_looking,0.75,俄罗斯公布苏伊士运河替代路线计划，可能改变未来亚欧航运格局与物流路径。,reveals plans | suez canal substitute,"containerized goods, oil, consumer goods",,"Russia, Suez Canal",russia reveals plans for suez canal substitute,https://www.bignewsnetwork.com/news/273866662/russia-reveals-plans-for-suez-canal-substitute,russia reveals plans for suez canal substitute,,
us_chip_export_controls_2022,us_chip_export_controls_2022-2022-05-19-0000-1,2022-05-19,forward_looking,0.75,台湾半导体产业考虑与印度签署自由贸易协定（FTA），可能引发供应链区域布局与贸易流向调整。,inking fta | better option | taiwanese semiconductor industry,semiconductors,Taiwanese semiconductor industry,"India, Taiwan",inking fta india better option taiwanese semiconductor industry,http://www.dailynews.lk/2022/05/19/world/279078/inking-fta-india-better-option-taiwanese-semiconductor-industry,inking fta india better option taiwanese semiconductor industry,,
us_chip_export_controls_2022,us_chip_export_controls_2022-2022-09-12-0000-1,2022-09-12,forward_looking,0.85,台海紧张局势提醒科技企业需多元化芯片制造商以防范潜在供应中断风险。,taiwan china tensions | diversify chip manufacturers,semiconductors,,"Taiwan, China",taiwan china tensions a reminder to tech diversify chip manufacturers,https://www.vernonmorningstar.com/business/taiwan-china-tensions-a-reminder-to-tech-diversify-chip-manufacturers/,taiwan china tensions a reminder to tech diversify chip manufacturers,,
us_chip_export_controls_2022,us_chip_export_controls_2022-2022-05-26-0000-1,2022-05-26,forward_looking,0.85,英国拟对北京收购英国芯片制造商Newport Wafer Fab展开调查，可能引发半导体供应链投资审查与潜在中断风险。,set probe | Beijing takeover | UK chipmaker | Newport Wafer Fab,semiconductors,"Newport Wafer Fab, Beijing","UK, China",Kwasi set probe Beijing takeover UK chipmaker Newport Wafer Fab,https://www.thisismoney.co.uk/money/markets/article-10854631/Kwasi-set-probe-Beijing-takeover-UK-chipmaker-Newport-Wafer-Fab.html,Kwasi set probe Beijing takeover UK chipmaker Newport Wafer Fab,,
us_chip_export_controls_2022,us_chip_export_controls_2022-2022-04-18-0001-1,2022-04-18,forward_looking,0.7,智库预测俄罗斯可能在一周内攻占马里乌波尔。该城是黑海重要港口，其陷落可能导致粮食、钢铁等大宗商品出口物流中断。,will likely capture mariupol | in the coming week,"grain, steel, metals",,"Mariupol, Ukraine",russia will likely capture mariupol in the coming week think tank says,https://www.forbes.com/sites/masonbissada/2022/04/17/russia-will-likely-capture-mariupol-in-the-coming-week-think-tank-says/,russia will likely capture mariupol in the coming week think tank says,,
us_chip_export_controls_2022,us_chip_export_controls_2022-2022-07-11-0000-1,2022-07-11,forward_looking,0.75,欧洲部署美军坦克引发对白俄罗斯和俄罗斯军事侵略风险上升的警告，可能波及区域能源与农产品供应链,us tanks in europe | risk of military aggression,"energy, agricultural products, metals",,"Europe, Belarus, Russia",chibisov the more us tanks in europe the higher the risk of military aggression for belarus and russ,https://www.sb.by/en/chibisov-the-more-us-tanks-in-europe-the-higher-the-risk-of-military-aggression-for-belarus-and-russ.html,chibisov the more us tanks in europe the higher the risk of military aggression for belarus and russ,,
covid_supply_disruption_2020,covid_supply_disruption_2020-2020-01-22-0033-1,2020-01-22,forward_looking,0.85,菲律宾官员 Biazon 要求航空当局暂停来自武汉的入境航班，可能导致物流中断和供应链延迟。,halt incoming flights | from wuhan,"consumer goods, electronics, pharmaceuticals",Biazon,"Philippines, Wuhan, China",biazon wants ph aviation authorities to halt incoming flights from wuhan,https://news.abs-cbn.com/news/01/22/20/biazon-wants-ph-aviation-authorities-to-halt-incoming-flights-from-wuhan,biazon wants ph aviation authorities to halt incoming flights from wuhan,,
covid_supply_disruption_2020,covid_supply_disruption_2020-2020-01-20-0004-1,2020-01-20,forward_looking,0.85,中国最高领导人下令遏制新型冠状病毒传播，预示可能实施封锁或限制措施，导致供应链中断风险。,orders to curb | new coronavirus spread,"consumer goods, electronics, automotive parts, pharmaceuticals",China,China,China President Xi orders to curb new coronavirus spread,https://www.daily-sun.com/post/455633/China-President-Xi-orders-to-curb-new-coronavirus-spread,China President Xi orders to curb new coronavirus spread,,
renesas_earthquake_2016,renesas_earthquake_2016-2016-02-04-0002-1,2016-02-04,latent,0.65,BC政府拨款应对重大地震风险，属自然灾害潜在威胁，可能影响当地基础设施、港口物流及大宗商品供应链。,allocate funds | major earthquake,"timber, agricultural products, containerized goods",,"British Columbia, Canada",BC governments allocate funds for major earthquake 1013290W,http://journalofcommerce.com/Government/News/2016/2/BC-governments-allocate-funds-for-major-earthquake-1013290W/,BC governments allocate funds for major earthquake 1013290W,,
renesas_earthquake_2016,renesas_earthquake_2016-2016-01-16-0000-1,2016-01-16,latent,0.5,俄克拉荷马州民众聚集州议会大厦表达对地震风险的担忧，该州为重要油气产区，潜在地震活动可能威胁能源开采与管道基础设施供应链。,earthquake concerns | pack capitol,"oil, natural gas",,Oklahoma,audio oklahomans pack capitol voice earthquake concerns,http://publicradiotulsa.org/post/audio-oklahomans-pack-capitol-voice-earthquake-concerns,audio oklahomans pack capitol voice earthquake concerns,,
port_los_angeles_backlog_2021,port_los_angeles_backlog_2021-2021-08-03-0000-1,2021-08-03,forward_looking,0.9,报告指出加拿大供应链存在高奴隶制风险，呼吁实施更严格的进口管制和新的尽职调查法律，可能引发合规审查收紧与进口流程延迟。,high risk of slavery | stricter import controls | new due diligence law,"consumer goods, agricultural products, minerals",,Canada,report finds high risk of slavery in canadian supply chains calls for stricter import controls and new due diligence law,https://www.business-humanrights.org/es/%C3%BAltimas-noticias/report-finds-high-risk-of-slavery-in-canadian-supply-chains-calls-for-stricter-import-controls-and-new-due-diligence-law/,report finds high risk of slavery in canadian supply chains calls for stricter import controls and new due diligence law,,
port_los_angeles_backlog_2021,port_los_angeles_backlog_2021-2021-06-18-0000-1,2021-06-18,forward_looking,0.8,英国超市表示若北爱尔兰贸易问题未得到解决，可能将供应链转移至欧盟。,may shift supply chains | if n ireland trade not addressed,"consumer goods, food",British supermarkets,"United Kingdom, Northern Ireland, European Union",british supermarkets may shift supply chains to eu if n ireland trade not addressed,https://nationalpost.com/pmn/news-pmn/british-supermarkets-may-shift-supply-chains-to-eu-if-n-ireland-trade-not-addressed,british supermarkets may shift supply chains to eu if n ireland trade not addressed,,
port_los_angeles_backlog_2021,port_los_angeles_backlog_2021-2021-08-30-0000-1,2021-08-30,forward_looking,0.65,全球供应链一线工人发出系统崩溃警告，预示物流与劳工环节面临大规模中断风险,warning of a system collapse | global supply chains moving,"containerized goods, consumer goods",,Global,the workers who keep global supply chains moving are warning of a system collapse,https://www.kitv.com/story/44850400/the-workers-who-keep-global-supply-chains-moving-are-warning-of-a-system-collapse,the workers who keep global supply chains moving are warning of a system collapse,,
port_los_angeles_backlog_2021,port_los_angeles_backlog_2021-2021-09-25-0000-1,2021-09-25,forward_looking,0.65,四方安全对话峰会计划讨论阿富汗供应链问题，反映该地区因地缘政治动荡可能面临供应链中断或需国际协调的风险。,quad summit | discuss afghanistan supply chains,"agricultural products, humanitarian supplies",,Afghanistan,quad summit to discuss afghanistan supply chains,https://www.shanghaisun.com/news/271286223/quad-summit-to-discuss-afghanistan-supply-chains,quad summit to discuss afghanistan supply chains,,
port_los_angeles_backlog_2021,port_los_angeles_backlog_2021-2021-07-19-0000-1,2021-07-19,latent,0.6,南非燃料供应链存在基础设施或物流脆弱环节，可能在未来引发区域性供应中断风险。,vulnerable points | fuel supply chain,"fuel, oil",,South Africa,the vulnerable points in south africa s fuel supply chain 78022,https://www.downtoearth.org.in/blog/africa/the-vulnerable-points-in-south-africa-s-fuel-supply-chain-78022,the vulnerable points in south africa s fuel supply chain 78022,,
toyota_steel_explosion_2019,toyota_steel_explosion_2019-2019-05-25-0001-1,2019-05-25,forward_looking,0.65,加拿大总理特鲁多宣布将采取措施保护钢铁行业工人，暗示可能出台贸易保护或关税政策，或导致钢铁供应链成本上升或贸易流向调整。,will protect | steel industry workers,steel,Canadian Government,Canada,canada will protect its steel industry workers pm justin trudeau 1471986,https://www.sootoday.com/local-news/canada-will-protect-its-steel-industry-workers-pm-justin-trudeau-1471986,canada will protect its steel industry workers pm justin trudeau 1471986,,
toyota_steel_explosion_2019,toyota_steel_explosion_2019-2019-05-18-0001-1,2019-05-18,forward_looking,0.9,美国宣布将取消对加拿大和墨西哥的钢铁和铝关税，涉及贸易监管政策调整，可能引发供应链采购策略与物流流向的短期重构。,lift tariffs | steel and aluminum,"steel, aluminum",,"United States, Canada, Mexico",us will lift tariffs steel and aluminum canada and mexico,https://www.wfdd.org/story/us-will-lift-tariffs-steel-and-aluminum-canada-and-mexico,us will lift tariffs steel and aluminum canada and mexico,,
toyota_steel_explosion_2019,toyota_steel_explosion_2019-2019-02-22-0001-1,2019-02-22,forward_looking,0.7,大使表示钢铁和铝关税或将很快取消，涉及贸易监管政策调整,steel aluminum tariffs | lifted soon,"steel, aluminum",,,steel aluminum tariffs lifted soon ambassador,https://q107.com/news/4984640/steel-aluminum-tariffs-lifted-soon-ambassador/,steel aluminum tariffs lifted soon ambassador,,
toyota_steel_explosion_2019,toyota_steel_explosion_2019-2018-02-22-0001-1,2018-02-22,forward_looking,0.75,美国大使表示对钢铝征收的关税可能在数周内取消，反映贸易监管政策存在变动预期，可能影响相关金属供应链成本与流向。,tariffs on steel aluminum | could be gone in weeks,"steel, aluminum",,United States,u s tariffs on steel aluminum could be gone in weeks ambassador says,https://www.northislandgazette.com/news/u-s-tariffs-on-steel-aluminum-could-be-gone-in-weeks-ambassador-says/,u s tariffs on steel aluminum could be gone in weeks ambassador says,,
toyota_steel_explosion_2019,toyota_steel_explosion_2019-2019-04-24-0001-1,2019-04-24,forward_looking,0.5,爆炸事件威胁锂离子电池生产与供应链安全,explosions threatening | lithium ion,"lithium-ion batteries, lithium",,,explosions threatening lithium ion apos 090101430,https://finance.yahoo.com/news/explosions-threatening-lithium-ion-apos-090101430.html,explosions threatening lithium ion apos 090101430,,
europe_energy_crisis_2022,europe_energy_crisis_2022-2022-04-27-0002-1,2022-04-27,forward_looking,0.95,BASF 计划于 7 月前逐步关闭其在俄罗斯和白俄罗斯的运营，导致当地化工供应链中断。,wind down | operations | by july,"chemicals, petrochemicals, plastics",BASF,"Russia, Belarus",3827643 basf to wind down russia belarus operations by july,https://seekingalpha.com/news/3827643-basf-to-wind-down-russia-belarus-operations-by-july,3827643 basf to wind down russia belarus operations by july,,
europe_energy_crisis_2022,europe_energy_crisis_2022-2022-04-27-0001-1,2022-04-27,forward_looking,0.95,欧盟警告企业不要以卢布购买俄罗斯天然气，可能导致支付机制受阻及天然气供应中断风险。,eu warns | not to buy | russian gas | rubles,natural gas,"EU, Russia","European Union, Russia",eu warns companies not to buy russian gas in rubles,https://www.aljazeera.com/economy/2022/4/27/eu-warns-companies-not-to-buy-russian-gas-in-rubles,eu warns companies not to buy russian gas in rubles,,
europe_energy_crisis_2022,europe_energy_crisis_2022-2022-04-29-0000-1,2022-04-29,forward_looking,0.85,欧洲天然气客户可能接受普京提出的付款条件，暗示能源供应监管环境变化及潜在的支付合规风险。,may accept | payment terms,natural gas,"Russia, European gas customers","Europe, Russia",russian gas customers in europe may accept putins payment terms,https://www.kake.com/story/46388772/russian-gas-customers-in-europe-may-accept-putins-payment-terms,russian gas customers in europe may accept putins payment terms,,
taiwan_strait_crisis_2022,taiwan_strait_crisis_2022-2022-07-25-0000-1,2022-07-25,forward_looking,0.9,中国警告将对佩洛西访台采取军事回应，引发台海地缘政治紧张，可能影响全球半导体供应链。,warns | military response | taiwan trip,semiconductors,,"Taiwan, China",china warns of military response to pelosis taiwan trip ft,https://www.parisguardian.com/news/272630736/china-warns-of-military-response-to-pelosis-taiwan-trip-ft,china warns of military response to pelosis taiwan trip ft,,
taiwan_strait_crisis_2022,taiwan_strait_crisis_2022-2022-07-31-0000-1,2022-07-31,forward_looking,0.85,中国宣布军事演习，因佩洛西可能访问台湾，引发对台海局势升级及半导体供应链中断的担忧。,military exercises | pelosis possible trip | taiwan looms,semiconductors,"TSMC, ASML, Intel","Taiwan, China",china announces military exercises as pelosis possible trip to taiwan looms,https://www.wdiy.org/npr-news/npr-news/2022-07-30/china-announces-military-exercises-as-pelosis-possible-trip-to-taiwan-looms,china announces military exercises as pelosis possible trip to taiwan looms,,
taiwan_strait_crisis_2022,taiwan_strait_crisis_2022-2022-06-25-0000-1,2022-06-25,latent,0.85,美军在台湾海峡进行飞行活动，地缘政治紧张局势升级，潜在威胁半导体供应链稳定,taiwan strait flyover | heightened tensions,semiconductors,"TSMC, Samsung","Taiwan Strait, Taiwan",us military conducts taiwan strait flyover amid heightened tensions,https://news.antiwar.com/2022/06/24/us-military-conducts-taiwan-strait-flyover-amid-heightened-tensions/,us military conducts taiwan strait flyover amid heightened tensions,,
taiwan_strait_crisis_2022,taiwan_strait_crisis_2022-2022-03-04-0001-1,2022-03-04,forward_looking,0.85,Pelosi支持停止进口俄罗斯石油，可能导致关键能源供应中断和价格波动,supports halting | Russian oil imports,oil,Pelosi,"United States, Russia",Pelosi supports halting Russian oil imports to 16975444.php,https://www.newstimes.com/news/article/Pelosi-supports-halting-Russian-oil-imports-to-16975444.php,Pelosi supports halting Russian oil imports to 16975444.php,,
us_china_tariff_war_2018,us_china_tariff_war_2018-2018-04-19-0001-1,2018-04-19,forward_looking,0.85,美国高粱种植者担心中国关税可能导致重大损失，预示贸易壁垒对农产品供应链的潜在冲击。,fear China tariffs | could cost,"sorghum, agricultural products",US sorghum growers,"US, China",US sorghum growers fear China tariffs could cost 12845728.php,https://www.beaumontenterprise.com/news/texas/article/US-sorghum-growers-fear-China-tariffs-could-cost-12845728.php,US sorghum growers fear China tariffs could cost 12845728.php,,
us_china_tariff_war_2018,us_china_tariff_war_2018-2018-04-06-0004-1,2018-04-06,forward_looking,0.95,特朗普政府提议对中国加征1000亿美元关税，可能导致中美贸易摩擦升级及供应链成本上升。,requesting | 100 billion | additional china tariffs,"consumer goods, electronics, industrial machinery",Trump Administration,"United States, China",trump statement requesting 100 billion in additional china tariffs 2018 04 05,https://www.marketwatch.com/story/trump-statement-requesting-100-billion-in-additional-china-tariffs-2018-04-05,trump statement requesting 100 billion in additional china tariffs 2018 04 05,,
us_china_tariff_war_2018,us_china_tariff_war_2018-2018-03-24-0000-1,2018-03-24,forward_looking,0.85,中国威胁对美国猪肉加征关税，可能导致美国猪肉出口面临需求冲击和价格下跌风险。,tariff threat | feel further chill,"pork, agricultural products","United States, China","United States, China",u s pork to feel further chill from china tariff threat,https://www.grainews.ca/daily/u-s-pork-to-feel-further-chill-from-china-tariff-threat,u s pork to feel further chill from china tariff threat,,
us_china_tariff_war_2018,us_china_tariff_war_2018-2017-03-24-0000-1,2017-03-24,forward_looking,0.85,中国威胁对美国猪肉加征关税，可能导致美国猪肉出口面临需求冲击和价格下跌风险。,tariff threat | feel further chill,"pork, agricultural products","United States, China","United States, China",u s pork to feel further chill from china tariff threat,https://www.grainews.ca/daily/u-s-pork-to-feel-further-chill-from-china-tariff-threat,u s pork to feel further chill from china tariff threat,,
hurricane_maria_2017,hurricane_maria_2017-2017-09-19-0010-1,2017-09-19,forward_looking,0.85,飓风玛丽亚对负债累累的波多黎各构成新威胁，可能加剧该地区的供应链中断风险，特别是药品和能源供应。,hurricane maria | poses new threat | puerto rico,"pharmaceuticals, consumer goods, energy",,Puerto Rico,hurricane maria poses new threat to debt laden puerto rico,http://www.wabcradio.com/news/hurricane-maria-poses-new-threat-to-debt-laden-puerto-rico/,hurricane maria poses new threat to debt laden puerto rico,,
hurricane_maria_2017,hurricane_maria_2017-2017-09-19-0004-1,2017-09-19,forward_looking,0.85,"Riverside County rescuers remain in Puerto Rico in preparation for the next storm, Hurricane Maria, indicating potential for further supply chain disruptions due to natural disasters.",staying in puerto rico | next storm hurricane maria,"consumer goods, pharmaceuticals, construction materials",,Puerto Rico,riverside county rescuers staying in puerto rico for next storm hurricane maria,http://www.pe.com/2017/09/18/riverside-county-rescuers-staying-in-puerto-rico-for-next-storm-hurricane-maria/,riverside county rescuers staying in puerto rico for next storm hurricane maria,,
hurricane_maria_2017,hurricane_maria_2017-2017-09-19-0007-1,2017-09-19,forward_looking,0.85,飓风玛丽亚增强并威胁已受风暴重创的加勒比地区，可能导致该地区供应链进一步中断。,hurricane maria grows | threatens | storm battered caribbean,"agricultural products, consumer goods, pharmaceuticals",,Caribbean,hurricane maria grows threatens storm battered caribbean 0,https://www.wthr.com/article/hurricane-maria-grows-threatens-storm-battered-caribbean-0,hurricane maria grows threatens storm battered caribbean 0,,
uaw_auto_strike_2023,uaw_auto_strike_2023-2023-09-07-0004-1,2023-09-07,latent,0.85,密歇根州州长惠特默正与全美汽车工人联合会（UAW）及汽车制造商进行谈判，以预防可能发生的罢工，存在潜在的供应链中断风险。,talking to uaw | avert strike,"automotive parts, vehicles","UAW, carmakers","Michigan, United States",michigan gov whitmer talking to uaw carmakers to avert strike 1.1968406,https://www.bnnbloomberg.ca/michigan-gov-whitmer-talking-to-uaw-carmakers-to-avert-strike-1.1968406,michigan gov whitmer talking to uaw carmakers to avert strike 1.1968406,,
uaw_auto_strike_2023,uaw_auto_strike_2023-2023-08-22-0000-1,2023-08-22,forward_looking,0.85,欧盟委员会确认计划对华为实施限制，可能影响其参与欧洲地平线计划及相关供应链合作,commission confirms | planning restrictions | huawei,"semiconductors, telecommunications equipment","Huawei, European Commission",Europe,commission confirms it planning restrictions huawei horizon europe,https://sciencebusiness.net/news/sovereignty/commission-confirms-it-planning-restrictions-huawei-horizon-europe,commission confirms it planning restrictions huawei horizon europe,,
uaw_auto_strike_2023,uaw_auto_strike_2023-2023-07-12-0000-1,2023-07-12,forward_looking,0.85,劳工专家警告通用、福特、斯特兰蒂斯（Big Three）与UAW的谈判可能引发罢工，威胁汽车供应链稳定。,warns | potential uaw strike | big three negotiations,"automotive parts, vehicles","UAW, Big Three",United States,labor expert warns potential uaw strike big three negotiations,https://www.wilx.com/2023/07/11/labor-expert-warns-potential-uaw-strike-big-three-negotiations/,labor expert warns potential uaw strike big three negotiations,,
black_sea_grain_exit_2023,black_sea_grain_exit_2023-2023-03-05-0000-1,2023-03-05,latent,0.85,土耳其正在努力续签黑海粮食协议，协议若未能续签可能导致黑海粮食出口中断，影响全球粮食供应。,working to renew | Black Sea grain deal,"wheat, corn, agricultural products",Turkey,"Black Sea, Turkey",Turkey says it is working to renew Black Sea grain deal  43165181,https://www.marketscreener.com/news/latest/Turkey-says-it-is-working-to-renew-Black-Sea-grain-deal--43165181/,Turkey says it is working to renew Black Sea grain deal  43165181,,
black_sea_grain_exit_2023,black_sea_grain_exit_2023-2023-04-07-0000-1,2023-04-07,forward_looking,0.85,俄罗斯警告西方，可能会绕过黑海粮食协议，导致黑海粮食出口面临中断风险。,warns | may work around | black sea grain deal,"wheat, corn, sunflower oil",Russia,"Black Sea, Russia",russia warns west we may work around the black sea grain deal,https://www.ziarelive.ro/stiri/russia-warns-west-we-may-work-around-the-black-sea-grain-deal.html,russia warns west we may work around the black sea grain deal,,
black_sea_grain_exit_2023,black_sea_grain_exit_2023-2023-04-21-0000-1,2023-04-21,forward_looking,0.85,匈牙利呼吁欧盟采取措施保护中欧和东欧农民免受乌克兰粮食过剩的冲击，暗示可能出台贸易限制或补贴政策以应对市场冲击。,calls on eu to protect | ukraine grain glut,"grain, agricultural products","Hungary, European Union","Hungary, Central and Eastern Europe, Ukraine",hungary calls on eu to protect cee farmers from ukraine grain glut,https://www.polandsun.com/news/273767475/hungary-calls-on-eu-to-protect-cee-farmers-from-ukraine-grain-glut,hungary calls on eu to protect cee farmers from ukraine grain glut,,
black_sea_grain_exit_2023,black_sea_grain_exit_2023-2022-04-12-0000-1,2022-04-12,forward_looking,0.85,克里姆林宫表示黑海粮食协议的前景不容乐观，暗示该协议可能无法续签或执行受阻，导致全球粮食供应链面临中断风险。,outlook for black sea grain deal is not so great,"agricultural products, wheat, corn",Kremlin,"Black Sea, Russia, Ukraine",20230412 kremlin says outlook for black sea grain deal is not so great,https://www.middleeastmonitor.com/20230412-kremlin-says-outlook-for-black-sea-grain-deal-is-not-so-great/,20230412 kremlin says outlook for black sea grain deal is not so great,,
india_wheat_export_ban_2022,india_wheat_export_ban_2022-2022-01-25-0000-1,2022-01-25,forward_looking,0.85,小麦价格创一个月新高，市场担忧乌克兰供应问题,worries over supply from ukraine | scales 1 month high,wheat,,Ukraine,wheat scales 1 month high on worries over supply from ukraine,https://www.hellenicshippingnews.com/wheat-scales-1-month-high-on-worries-over-supply-from-ukraine/,wheat scales 1 month high on worries over supply from ukraine,,
india_wheat_export_ban_2022,india_wheat_export_ban_2022-2022-03-04-0001-1,2022-03-04,forward_looking,0.75,Rabobank 的小麦买家正在考虑其他来源，暗示当前供应链（可能受地缘政治或出口管制影响）存在中断风险或供应不确定性。,wheat buyers | considering other sources,wheat,Rabobank,,rabobank wheat buyers considering other sources,https://drgnews.com/2022/03/04/rabobank-wheat-buyers-considering-other-sources/,rabobank wheat buyers considering other sources,,
india_wheat_export_ban_2022,india_wheat_export_ban_2022-2021-12-24-0000-1,2021-12-24,forward_looking,0.85,美国冬小麦作物面临干旱威胁，可能导致产量下降或供应紧张。,dry conditions | threaten | winter wheat crop,"wheat, agricultural products",,United States,dry conditions threaten u s winter wheat crop 2,https://www.producer.com/markets/dry-conditions-threaten-u-s-winter-wheat-crop-2/,dry conditions threaten u s winter wheat crop 2,,
egg_shortage_birdflu_2025,egg_shortage_birdflu_2025-2024-12-20-0003-1,2024-12-20,forward_looking,0.85,爱荷华州和伊利诺伊州自然资源部门警告高致病性禽流感正在迁移，可能导致家禽养殖中断。,warns | highly pathogenic bird flu | migrating across,"poultry, eggs",,"Iowa, Illinois",dnr warns highly pathogenic bird flu migrating across iowa and illinois,https://myq1075.com/ixp/682/p/dnr-warns-highly-pathogenic-bird-flu-migrating-across-iowa-and-illinois/,dnr warns highly pathogenic bird flu migrating across iowa and illinois,,
russia_ukraine_war_2022,russia_ukraine_war_2022-2022-02-14-0005-1,2022-02-14,forward_looking,0.85,英国首相鲍里斯·约翰逊警告称，鉴于俄罗斯入侵的担忧，乌克兰局势非常危险，可能引发地缘政治冲突并影响供应链。,warns | very very dangerous situation | russia invasion fears,"agricultural products, energy, metals",Boris Johnson,"Ukraine, Russia",boris johnson warns of very very dangerous situation in ukraine amid russia invasion fears,https://www.iwradio.co.uk/news/sky-news/boris-johnson-warns-of-very-very-dangerous-situation-in-ukraine-amid-russia-invasion-fears/,boris johnson warns of very very dangerous situation in ukraine amid russia invasion fears,,
russia_ukraine_war_2022,russia_ukraine_war_2022-2022-02-07-0004-1,2022-02-07,forward_looking,0.9,美国高级官员警告俄罗斯可能随时入侵乌克兰，引发对能源、粮食及金属供应链中断的担忧。,invasion could come any day,"energy, agricultural products, metals",,"Ukraine, Russia",top biden aide says ukraine invasion could come any day,https://www.fox17online.com/news/politics/top-biden-aide-says-ukraine-invasion-could-come-any-day,top biden aide says ukraine invasion could come any day,,
russia_ukraine_war_2022,russia_ukraine_war_2022-2022-02-17-0001-1,2022-02-17,forward_looking,0.75,亚洲能源市场密切关注俄乌冲突可能带来的后续影响，存在供应中断或价格波动的潜在风险。,watching for | fallout,"oil, natural gas",,"Russia, Ukraine, Asia",asias energy markets watching for russia ukraine fallout,https://www.hellenicshippingnews.com/asias-energy-markets-watching-for-russia-ukraine-fallout/,asias energy markets watching for russia ukraine fallout,,
russia_ukraine_war_2022,russia_ukraine_war_2022-2021-01-21-0000-1,2021-01-21,forward_looking,0.75,网络安全专家警告乌克兰危机可能引发网络攻击，进而影响能源、农业等关键基础设施供应链,cybersecurity pros warn | ukraine crisis could spur,"energy, agricultural products, critical minerals",,Ukraine,cybersecurity pros warn ukraine crisis could spur ,https://www.washingtontimes.com/news/2022/jan/20/cybersecurity-pros-warn-ukraine-crisis-could-spur-/,cybersecurity pros warn ukraine crisis could spur ,,
