event_id,signal_id,signal_date,temporality,confidence,description,trigger_phrases,commodities,companies,geographies,article_title,article_url,article_text,human_label,from_round1,llm_suggest,llm_reason
black_sea_grain_exit_2023,black_sea_grain_exit_2023-2023-03-14-0000-1,2023/3/14,forward_looking,0.85,俄罗斯建议以较短期限续签黑海粮食协议，暗示未来粮食出口通道存在不确定性或中断风险。,suggests renewing | shorter term | black sea grain deal,"wheat, corn, sunflower oil",,"Russia, Black Sea",russia suggests renewing black sea grain deal for shorter term,https://www.canadiancattlemen.ca/daily/russia-suggests-renewing-black-sea-grain-deal-for-shorter-term/,russia suggests renewing black sea grain deal for shorter term,1,0,warning,"Short-term renewal signaled instability, foreshadowing the July exit."
black_sea_grain_exit_2023,black_sea_grain_exit_2023-2023-04-07-0001-1,2023/4/7,forward_looking,0.9,"Russia threatens to withdraw from the Ukraine grain deal, posing a significant risk to global grain supply chains and potentially disrupting exports from the Black Sea region.",threatens to quit | ukraine grain deal,"agricultural products, wheat, corn","Russia, Ukraine","Russia, Ukraine, Black Sea",russia threatens to quit ukraine grain deal,https://www.thenationalnews.com/world/europe/2023/04/07/russia-threatens-to-quit-ukraine-grain-deal/,russia threatens to quit ukraine grain deal,1,0,warning,Direct threat preceded actual withdrawal by three months.
black_sea_grain_exit_2023,black_sea_grain_exit_2023-2023-05-29-0000-1,2023/5/29,forward_looking,0.9,俄罗斯外长拉夫罗夫警告称，黑海粮食协议面临崩溃风险，可能导致粮食出口中断。,lavrov warns | grain deal | danger of collapse,"agricultural products, wheat, corn",Russia,"Black Sea, Russia, Ukraine",lavrov warns west black sea grain deal is in danger of collapse,https://nationalpost.com/pmn/news-pmn/lavrov-warns-west-black-sea-grain-deal-is-in-danger-of-collapse,lavrov warns west black sea grain deal is in danger of collapse,1,0,warning,Direct warning of deal collapse preceding actual exit.
black_sea_grain_exit_2023,black_sea_grain_exit_2023-2023-06-01-0000-1,2023/6/1,forward_looking,0.85,WTO将召开会议讨论黑海粮食协议续签事宜，协议的不确定性可能影响黑海地区粮食出口供应链。,meet to discuss | renewed black sea grain deal,"wheat, corn, sunflower oil",WTO,Black Sea,wto will meet to discuss the renewed black sea grain deal,https://www.rfdtv.com/wto-will-meet-to-discuss-the-renewed-black-sea-grain-deal,wto will meet to discuss the renewed black sea grain deal,0,0,not_warning,"Routine diplomatic meeting, not a substantive precursor to the July exit."
black_sea_grain_exit_2023,black_sea_grain_exit_2023-2023-07-01-0000-1,2023/7/1,forward_looking,0.9,俄罗斯外交部长拉夫罗夫表示没有理由延长黑海粮食协议，暗示该协议可能到期终止，导致全球粮食供应链中断风险。,sees no reason to extend grain deal,"wheat, corn, sunflower oil",Russia,"Russia, Black Sea",russias top diplomat lavrov sees no reason to extend grain deal,https://www.hellenicshippingnews.com/russias-top-diplomat-lavrov-sees-no-reason-to-extend-grain-deal/,russias top diplomat lavrov sees no reason to extend grain deal,1,0,warning,Direct diplomatic statement signaling intent to terminate agreement before expiration.
black_sea_grain_exit_2023,black_sea_grain_exit_2023-2023-07-15-0000-1,2023/7/15,latent,0.9,联合国等待俄罗斯对黑海粮食协议续期的答复，协议即将到期，存在中断风险。,waits for russian answer | black sea grain deal deadline looms,"wheat, corn, sunflower oil","UN, Russia","Black Sea, Russia, Ukraine",un waits for russian answer as black sea grain deal deadline looms,https://japantoday.com/category/world/un-waits-for-russian-answer-as-black-sea-grain-deal-deadline-looms,un waits for russian answer as black sea grain deal deadline looms,0,0,warning,"Explicitly cites imminent deadline and uncertainty, directly preceding the event."
black_sea_grain_exit_2023,black_sea_grain_exit_2023-2022-04-12-0000-1,2022/4/12,forward_looking,0.85,克里姆林宫表示黑海粮食协议的前景不容乐观，暗示该协议可能无法续签或执行受阻，导致全球粮食供应链面临中断风险。,outlook for black sea grain deal is not so great,,,,20230412 kremlin says outlook for black sea grain deal is not so great,https://www.middleeastmonitor.com/20230412-kremlin-says-outlook-for-black-sea-grain-deal-is-not-so-great/,,1,1,,
black_sea_grain_exit_2023,black_sea_grain_exit_2023-2023-03-05-0000-1,2023/3/5,latent,0.85,土耳其正在努力续签黑海粮食协议，协议若未能续签可能导致黑海粮食出口中断，影响全球粮食供应。,working to renew | Black Sea grain deal,,,,Turkey says it is working to renew Black Sea grain deal  43165181,https://www.marketscreener.com/news/latest/Turkey-says-it-is-working-to-renew-Black-Sea-grain-deal--43165181/,,1,1,,
black_sea_grain_exit_2023,black_sea_grain_exit_2023-2023-04-07-0000-1,2023/4/7,forward_looking,0.85,俄罗斯警告西方，可能会绕过黑海粮食协议，导致黑海粮食出口面临中断风险。,warns | may work around | black sea grain deal,,,,russia warns west we may work around the black sea grain deal,https://www.ziarelive.ro/stiri/russia-warns-west-we-may-work-around-the-black-sea-grain-deal.html,,1,1,,
black_sea_grain_exit_2023,black_sea_grain_exit_2023-2023-04-21-0000-1,2023/4/21,forward_looking,0.85,匈牙利呼吁欧盟采取措施保护中欧和东欧农民免受乌克兰粮食过剩的冲击，暗示可能出台贸易限制或补贴政策以应对市场冲击。,calls on eu to protect | ukraine grain glut,,,,hungary calls on eu to protect cee farmers from ukraine grain glut,https://www.polandsun.com/news/273767475/hungary-calls-on-eu-to-protect-cee-farmers-from-ukraine-grain-glut,,0,1,,
covid_supply_disruption_2020,covid_supply_disruption_2020-2020-01-20-0004-1,2020/1/20,forward_looking,0.85,中国最高领导人下令遏制新型冠状病毒传播，预示可能实施封锁或限制措施，导致供应链中断风险。,orders to curb | new coronavirus spread,,,,China President Xi orders to curb new coronavirus spread,https://www.daily-sun.com/post/455633/China-President-Xi-orders-to-curb-new-coronavirus-spread,,1,1,,
covid_supply_disruption_2020,covid_supply_disruption_2020-2020-01-22-0033-1,2020/1/22,forward_looking,0.85,菲律宾官员 Biazon 要求航空当局暂停来自武汉的入境航班，可能导致物流中断和供应链延迟。,halt incoming flights | from wuhan,,,,biazon wants ph aviation authorities to halt incoming flights from wuhan,https://news.abs-cbn.com/news/01/22/20/biazon-wants-ph-aviation-authorities-to-halt-incoming-flights-from-wuhan,,1,1,,
egg_shortage_birdflu_2025,egg_shortage_birdflu_2025-2024-12-20-0003-1,2024/12/20,forward_looking,0.85,爱荷华州和伊利诺伊州自然资源部门警告高致病性禽流感正在迁移，可能导致家禽养殖中断。,warns | highly pathogenic bird flu | migrating across,,,,dnr warns highly pathogenic bird flu migrating across iowa and illinois,https://myq1075.com/ixp/682/p/dnr-warns-highly-pathogenic-bird-flu-migrating-across-iowa-and-illinois/,,1,1,,
europe_energy_crisis_2022,europe_energy_crisis_2022-2022-03-06-0001-1,2022/3/6,forward_looking,0.85,丹麦计划逐步淘汰俄罗斯天然气，可能导致天然气供应来源调整及潜在短缺风险。,looks to phase out | russian gas,natural gas,Denmark,"Denmark, Russia",denmark looks to phase out russian gas,https://www.energylivenews.com/2022/03/07/denmark-looks-to-phase-out-russian-gas/,denmark looks to phase out russian gas,1,0,warning,Policy shift directly caused supply disruption during the crisis.
europe_energy_crisis_2022,europe_energy_crisis_2022-2022-04-03-0000-1,2022/4/3,forward_looking,0.9,德国工业联合会 (BDI) 警告，若缺乏俄罗斯天然气供应，德国工业将面临崩溃风险，凸显能源供应链的高度脆弱性。,would collapse | without russian gas,"natural gas, industrial goods","German Industry, Russia","Germany, Russia",german industry would collapse without russian gas bdi,https://www.japanherald.com/news/272446032/german-industry-would-collapse-without-russian-gas-bdi,german industry would collapse without russian gas bdi,1,0,warning,Specific forecast of industrial collapse due to gas supply loss.
europe_energy_crisis_2022,europe_energy_crisis_2022-2022-04-04-0000-1,2022/4/4,forward_looking,0.85,立陶宛敦促欧盟减少俄罗斯天然气进口，欧盟正在讨论新的制裁措施，可能导致能源供应中断或价格波动。,urges eu to cut | russian gas imports | discusses new sanctions,natural gas,"European Union, Lithuania","Lithuania, European Union, Russia",lithuania urges eu to cut russian gas imports as bloc discusses new sanctions,https://www.lrt.lt/en/news-in-english/19/1662525/lithuania-urges-eu-to-cut-russian-gas-imports-as-bloc-discusses-new-sanctions,lithuania urges eu to cut russian gas imports as bloc discusses new sanctions,1,0,warning,"Directly links sanctions to supply disruption, predicting the crisis."
europe_energy_crisis_2022,europe_energy_crisis_2022-2022-04-20-0000-1,2022/4/20,forward_looking,0.95,欧盟警告企业不要以卢布购买俄罗斯天然气，可能导致支付机制受阻及天然气供应中断风险。,eu warns | not to buy | russian gas | rubles,natural gas,"EU, Russia","European Union, Russia",eu warns companies not to buy russian gas in rubles,https://www.aljazeera.com/economy/2022/4/27/eu-warns-companies-not-to-buy-russian-gas-in-rubles,eu warns companies not to buy russian gas in rubles,1,0,warning,Payment restrictions directly caused supply disruptions leading to the crisis.
europe_energy_crisis_2022,europe_energy_crisis_2022-2022-07-13-0001-1,2022/7/13,forward_looking,0.85,加拿大因决定归还 Nord Stream 1 涡轮机而面临法律诉讼，可能影响能源基础设施供应链及天然气供应恢复进程。,faces legal action | return nord stream 1 turbine,"natural gas, energy infrastructure",Canada,Canada,canada faces legal action over its decision to return nord stream 1 turbine,https://www.energylivenews.com/2022/07/13/canada-faces-legal-action-over-its-decision-to-return-nord-stream-1-turbine/,canada faces legal action over its decision to return nord stream 1 turbine,0,0,not_warning,Turbine return was already finalized; legal action did not prevent crisis onset.
europe_energy_crisis_2022,europe_energy_crisis_2022-2022-08-24-0000-1,2022/8/24,forward_looking,0.8,法国面临潜在的能源危机，可能影响天然气和电力供应,facing a potential energy crisis,"natural gas, electricity",France,France,france is facing a potential energy crisis,https://www.russiaherald.com/news/272697556/france-is-facing-a-potential-energy-crisis,france is facing a potential energy crisis,1,0,warning,Specific forward-looking prediction of supply disruption preceding crisis onset.
europe_energy_crisis_2022,europe_energy_crisis_2022-2022-04-27-0001-1,2022/4/27,forward_looking,0.95,欧盟警告企业不要以卢布购买俄罗斯天然气，可能导致支付机制受阻及天然气供应中断风险。,eu warns | not to buy | russian gas | rubles,,,,eu warns companies not to buy russian gas in rubles,https://www.aljazeera.com/economy/2022/4/27/eu-warns-companies-not-to-buy-russian-gas-in-rubles,,0,1,,
europe_energy_crisis_2022,europe_energy_crisis_2022-2022-04-27-0002-1,2022/4/27,forward_looking,0.95,BASF 计划于 7 月前逐步关闭其在俄罗斯和白俄罗斯的运营，导致当地化工供应链中断。,wind down | operations | by july,,,,3827643 basf to wind down russia belarus operations by july,https://seekingalpha.com/news/3827643-basf-to-wind-down-russia-belarus-operations-by-july,,1,1,,
europe_energy_crisis_2022,europe_energy_crisis_2022-2022-04-29-0000-1,2022/4/29,forward_looking,0.85,欧洲天然气客户可能接受普京提出的付款条件，暗示能源供应监管环境变化及潜在的支付合规风险。,may accept | payment terms,,,,russian gas customers in europe may accept putins payment terms,https://www.kake.com/story/46388772/russian-gas-customers-in-europe-may-accept-putins-payment-terms,,1,1,,
hurricane_maria_2017,hurricane_maria_2017-2017-09-06-0000-1,2017/9/6,forward_looking,0.75,飓风伊尔玛逼近波多黎各，引发对当地供应链中断的担忧，波多黎各是美国重要的制药和制造业基地。,hurricane irma | worries,"pharmaceuticals, consumer goods, electronics",,Puerto Rico,puerto rico hurricane irma worries,http://www.cnn.com/2017/09/05/us/puerto-rico-hurricane-irma-worries/,puerto rico hurricane irma worries,0,0,not_warning,"Irma caused disruption, not Maria; distinct storm event."
hurricane_maria_2017,hurricane_maria_2017-2017-09-19-0002-1,2017/9/19,forward_looking,0.85,飓风玛丽亚增强并威胁已受风暴重创的加勒比地区，可能导致该地区供应链进一步中断。,Hurricane Maria Grows | Threatens | Storm Battered Caribbean,"agricultural products, pharmaceuticals, consumer goods",,Caribbean,Hurricane Maria Grows Threatens Storm Battered Caribbean,http://www.klove.com/news/2017/09/18/Hurricane-Maria-Grows-Threatens-Storm-Battered-Caribbean/,Hurricane Maria Grows Threatens Storm Battered Caribbean,1,0,warning,Pre-onset forecast explicitly predicting supply chain disruption.
hurricane_maria_2017,hurricane_maria_2017-2017-09-19-0005-1,2017/9/19,forward_looking,0.9,飓风玛丽亚预计本周袭击波多黎各和维尔京群岛，可能导致当地基础设施瘫痪及供应链中断，特别是药品和农产品供应。,hurricane maria | to hit | puerto rico | virgin islands,"pharmaceuticals, agricultural products, consumer goods",,"Puerto Rico, Virgin Islands",hurricane maria to hit puerto rico virgin islands this week,https://www.cntraveler.com/story/hurricane-maria-to-hit-puerto-rico-virgin-islands-this-week,hurricane maria to hit puerto rico virgin islands this week,1,0,warning,Forecast predicts imminent impact and specific supply chain disruptions.
hurricane_maria_2017,hurricane_maria_2017-2017-09-19-0015-1,2017/9/19,forward_looking,0.85,飓风玛丽亚增强为4级风暴，预计将对其路径上的加勒比地区（如多米尼加、波多黎各）造成严重破坏，可能导致当地农业、制造业及物流中断。,hurricane maria | intensifies | category 4 storm,"agricultural products, consumer goods, pharmaceuticals",,"Dominican Republic, Puerto Rico, US Virgin Islands",hurricane maria intensifies into category 4 storm,http://fox5sandiego.com/2017/09/18/hurricane-maria-intensifies-into-category-4-storm/,hurricane maria intensifies into category 4 storm,1,0,warning,Forecasted intensification and disruption before event onset.
hurricane_maria_2017,hurricane_maria_2017-2017-09-19-0017-1,2017/9/19,forward_looking,0.75,飓风玛丽亚袭击加勒比地区，加拿大航空公司准备救援客户，暗示该地区物流和旅游供应链可能中断。,hurricane maria | prepare to rescue,"tourism services, consumer goods",Canadian Airlines,Caribbean,hurricane maria canadian airlines prepare to rescue clients in caribbean,http://montrealgazette.com/news/hurricane-maria-canadian-airlines-prepare-to-rescue-clients-in-caribbean,hurricane maria canadian airlines prepare to rescue clients in caribbean,0,0,warning,Pre-event corporate preparation indicates anticipated operational disruption.
hurricane_maria_2017,hurricane_maria_2017-2017-09-19-0021-1,2017/9/19,forward_looking,0.85,飓风玛丽亚在袭击其他地区后正前往波多黎各，可能对该地区的供应链（特别是制药和电子产业）造成严重中断。,Hurricane Maria | headed for Puerto Rico,"pharmaceuticals, electronics, consumer goods",,Puerto Rico,Hurricane Maria headed for Puerto Rico after hitting,http://www.onenewspage.com/n/Technology/75efe5mle/Hurricane-Maria-headed-for-Puerto-Rico-after-hitting.htm,Hurricane Maria headed for Puerto Rico after hitting,1,0,warning,Forward-looking prediction of supply chain disruption before landfall.
hurricane_maria_2017,hurricane_maria_2017-2017-09-19-0004-1,2017/9/19,forward_looking,0.85,"Riverside County rescuers remain in Puerto Rico in preparation for the next storm, Hurricane Maria, indicating potential for further supply chain disruptions due to natural disasters.",staying in puerto rico | next storm hurricane maria,,,,riverside county rescuers staying in puerto rico for next storm hurricane maria,http://www.pe.com/2017/09/18/riverside-county-rescuers-staying-in-puerto-rico-for-next-storm-hurricane-maria/,,1,1,,
hurricane_maria_2017,hurricane_maria_2017-2017-09-19-0007-1,2017/9/19,forward_looking,0.85,飓风玛丽亚增强并威胁已受风暴重创的加勒比地区，可能导致该地区供应链进一步中断。,hurricane maria grows | threatens | storm battered caribbean,,,,hurricane maria grows threatens storm battered caribbean 0,https://www.wthr.com/article/hurricane-maria-grows-threatens-storm-battered-caribbean-0,,1,1,,
hurricane_maria_2017,hurricane_maria_2017-2017-09-19-0010-1,2017/9/19,forward_looking,0.85,飓风玛丽亚对负债累累的波多黎各构成新威胁，可能加剧该地区的供应链中断风险，特别是药品和能源供应。,hurricane maria | poses new threat | puerto rico,,,,hurricane maria poses new threat to debt laden puerto rico,http://www.wabcradio.com/news/hurricane-maria-poses-new-threat-to-debt-laden-puerto-rico/,,1,1,,
india_wheat_export_ban_2022,india_wheat_export_ban_2022-2022-03-26-0000-1,2022/3/26,forward_looking,0.85,领导人警告全球面临前所未有的粮食危机风险，暗示供应链可能遭受严重中断。,warn | unprecedented global food crisis risks,"agricultural products, grains, fertilizers",,Global,leaders warn of unprecedented global food crisis risks,https://www.greekherald.com/news/272422755/leaders-warn-of-unprecedented-global-food-crisis-risks,leaders warn of unprecedented global food crisis risks,0,0,not_warning,Generic global warning lacks specific link to India's wheat export ban.
india_wheat_export_ban_2022,india_wheat_export_ban_2022-2022-04-11-0000-1,2022/4/11,forward_looking,0.85,俄乌战争威胁罗马尼亚的小麦种植，可能导致区域粮食供应中断。,war in ukraine | threatens wheat farming,"wheat, agricultural products",,"Romania, Ukraine",russias war in ukraine threatens wheat farming in romania,https://www.wrkf.org/2022-04-10/russias-war-in-ukraine-threatens-wheat-farming-in-romania,russias war in ukraine threatens wheat farming in romania,0,0,not_warning,Romania wheat threat is unrelated to India's export ban decision.
india_wheat_export_ban_2022,india_wheat_export_ban_2022-2022-05-10-0000-1,2022/5/10,forward_looking,0.85,国际呼吁采取行动以避免历史上最大的粮食危机，暗示全球粮食供应链面临严重中断风险。,avert largest food crisis | international community must act,"agricultural products, wheat, grain",,Global,international community must act to avert largest food crisis in history,https://www.thisdaylive.com/index.php/2022/05/10/international-community-must-act-to-avert-largest-food-crisis-in-history/,international community must act to avert largest food crisis in history,0,0,not_warning,"Generic global crisis warning, not specific to India wheat export ban."
india_wheat_export_ban_2022,india_wheat_export_ban_2022-2021-12-24-0000-1,2021/12/24,forward_looking,0.85,美国冬小麦作物面临干旱威胁，可能导致产量下降或供应紧张。,dry conditions | threaten | winter wheat crop,,,,dry conditions threaten u s winter wheat crop 2,https://www.producer.com/markets/dry-conditions-threaten-u-s-winter-wheat-crop-2/,,1,1,,
india_wheat_export_ban_2022,india_wheat_export_ban_2022-2022-01-25-0000-1,2022/1/25,forward_looking,0.85,小麦价格创一个月新高，市场担忧乌克兰供应问题,worries over supply from ukraine | scales 1 month high,,,,wheat scales 1 month high on worries over supply from ukraine,https://www.hellenicshippingnews.com/wheat-scales-1-month-high-on-worries-over-supply-from-ukraine/,,0,1,,
india_wheat_export_ban_2022,india_wheat_export_ban_2022-2022-03-04-0001-1,2022/3/4,forward_looking,0.75,Rabobank 的小麦买家正在考虑其他来源，暗示当前供应链（可能受地缘政治或出口管制影响）存在中断风险或供应不确定性。,wheat buyers | considering other sources,,,,rabobank wheat buyers considering other sources,https://drgnews.com/2022/03/04/rabobank-wheat-buyers-considering-other-sources/,,1,1,,
port_los_angeles_backlog_2021,port_los_angeles_backlog_2021-2021-07-12-0000-1,2021/7/12,forward_looking,0.65,英国政府加强食品供应链网络安全，提示潜在网络攻击风险,boost cyber security | food supply chains,"food, agricultural products",UK Government,UK,uk government boost cyber security food supply chains,https://www.computing.co.uk/news/4034283/uk-government-boost-cyber-security-food-supply-chains,uk government boost cyber security food supply chains,0,0,not_warning,UK cyber security is unrelated to US port logistics backlog.
port_los_angeles_backlog_2021,port_los_angeles_backlog_2021-2021-07-18-0000-1,2021/7/18,forward_looking,0.8,英国超市警告若北爱尔兰贸易问题未解决，可能将供应链转移至欧盟。,may shift supply chains | if n ireland trade not addressed,"consumer goods, food products",British supermarkets,"United Kingdom, Northern Ireland, European Union",british supermarkets may shift supply chains to eu if n ireland trade not addressed,https://nationalpost.com/pmn/news-pmn/british-supermarkets-may-shift-supply-chains-to-eu-if-n-ireland-trade-not-addressed,british supermarkets may shift supply chains to eu if n ireland trade not addressed,0,0,not_warning,Irrelevant to LA port backlog; concerns UK-NI trade.
port_los_angeles_backlog_2021,port_los_angeles_backlog_2021-2021-09-17-0000-1,2021/9/17,forward_looking,0.65,腰果行业会议将讨论供应链挑战，提示该品类供应链存在潜在运营或物流压力。,Cashew conference | supply chain challenges,"cashews, agricultural products",,,Cashew conference to address supply chain challenges 1359073,https://www.ghanaweb.com/GhanaHomePage/business/Cashew-conference-to-address-supply-chain-challenges-1359073,Cashew conference to address supply chain challenges 1359073,0,0,not_warning,Cashew supply chain issues are unrelated to LA port backlog.
port_los_angeles_backlog_2021,port_los_angeles_backlog_2021-2021-09-26-0000-1,2021/9/26,forward_looking,0.85,英国政府针对外籍重型货车（HGV）司机的签证计划被评估为不足以缓解即将到来的圣诞节供应链中断风险，物流运力短缺可能引发季节性供应瓶颈。,foreign hgv driver visa plan | insufficient fix | christmas supply chain issues,"consumer goods, retail products",,United Kingdom,19605661.foreign hgv driver visa plan insufficient fix christmas supply chain issues,https://www.readingchronicle.co.uk/news/national/19605661.foreign-hgv-driver-visa-plan-insufficient-fix-christmas-supply-chain-issues/,19605661.foreign hgv driver visa plan insufficient fix christmas supply chain issues,0,0,not_warning,UK domestic issue unrelated to US port backlog event.
port_los_angeles_backlog_2021,port_los_angeles_backlog_2021-2021-09-29-0000-1,2021/9/29,forward_looking,0.75,美光科技在业绩指引中警告供应链问题或将影响客户交付,supply chain issues | impact customers,semiconductors,Micron Technology,,micron technology guidance supply chain issues impact customers,https://www.foxbusiness.com/markets/micron-technology-guidance-supply-chain-issues-impact-customers,micron technology guidance supply chain issues impact customers,0,0,not_warning,Micron is unrelated to Port of LA logistics backlog.
port_los_angeles_backlog_2021,port_los_angeles_backlog_2021-2021-06-18-0000-1,2021/6/18,forward_looking,0.8,英国超市表示若北爱尔兰贸易问题未得到解决，可能将供应链转移至欧盟。,may shift supply chains | if n ireland trade not addressed,,,,british supermarkets may shift supply chains to eu if n ireland trade not addressed,https://nationalpost.com/pmn/news-pmn/british-supermarkets-may-shift-supply-chains-to-eu-if-n-ireland-trade-not-addressed,,1,1,,
port_los_angeles_backlog_2021,port_los_angeles_backlog_2021-2021-07-19-0000-1,2021/7/19,latent,0.6,南非燃料供应链存在基础设施或物流脆弱环节，可能在未来引发区域性供应中断风险。,vulnerable points | fuel supply chain,,,,the vulnerable points in south africa s fuel supply chain 78022,https://www.downtoearth.org.in/blog/africa/the-vulnerable-points-in-south-africa-s-fuel-supply-chain-78022,,1,1,,
port_los_angeles_backlog_2021,port_los_angeles_backlog_2021-2021-08-03-0000-1,2021/8/3,forward_looking,0.9,报告指出加拿大供应链存在高奴隶制风险，呼吁实施更严格的进口管制和新的尽职调查法律，可能引发合规审查收紧与进口流程延迟。,high risk of slavery | stricter import controls | new due diligence law,,,,report finds high risk of slavery in canadian supply chains calls for stricter import controls and new due diligence law,https://www.business-humanrights.org/es/%C3%BAltimas-noticias/report-finds-high-risk-of-slavery-in-canadian-supply-chains-calls-for-stricter-import-controls-and-new-due-diligence-law/,,1,1,,
port_los_angeles_backlog_2021,port_los_angeles_backlog_2021-2021-08-30-0000-1,2021/8/30,forward_looking,0.65,全球供应链一线工人发出系统崩溃警告，预示物流与劳工环节面临大规模中断风险,warning of a system collapse | global supply chains moving,,,,the workers who keep global supply chains moving are warning of a system collapse,https://www.kitv.com/story/44850400/the-workers-who-keep-global-supply-chains-moving-are-warning-of-a-system-collapse,,1,1,,
port_los_angeles_backlog_2021,port_los_angeles_backlog_2021-2021-09-25-0000-1,2021/9/25,forward_looking,0.65,四方安全对话峰会计划讨论阿富汗供应链问题，反映该地区因地缘政治动荡可能面临供应链中断或需国际协调的风险。,quad summit | discuss afghanistan supply chains,,,,quad summit to discuss afghanistan supply chains,https://www.shanghaisun.com/news/271286223/quad-summit-to-discuss-afghanistan-supply-chains,,1,1,,
red_sea_crisis_2023,red_sea_crisis_2023-2023-06-15-0000-1,2023/6/15,forward_looking,0.65,俄罗斯公布苏伊士运河替代路线计划，可能长期改变亚欧航运格局并影响全球供应链路由,reveals plans | suez canal substitute,"consumer goods, electronics, automotive parts, oil",,"Russia, Suez Canal, Egypt",russia reveals plans for suez canal substitute,https://www.bignewsnetwork.com/news/273866662/russia-reveals-plans-for-suez-canal-substitute,russia reveals plans for suez canal substitute,0,0,not_warning,Russia's plan is unrelated to Houthi attacks causing the 2023 crisis.
red_sea_crisis_2023,red_sea_crisis_2023-2023-07-26-0000-1,2023/7/26,forward_looking,0.8,联合国在也门开展高风险行动以防范灾难性原油泄漏，若泄漏发生可能对区域原油及石化产品供应造成严重冲击。,high stakes un operation | avert catastrophic oil spill | operation underway in yemen,"oil, petrochemicals",,Yemen,2536836 high stakes un operation underway in yemen to avert catastrophic oil spill,https://www.devdiscourse.com/article/headlines/2536836-high-stakes-un-operation-underway-in-yemen-to-avert-catastrophic-oil-spill,2536836 high stakes un operation underway in yemen to avert catastrophic oil spill,0,0,not_warning,Oil spill risk is unrelated to Houthi attacks causing the crisis.
red_sea_crisis_2023,red_sea_crisis_2023-2023-10-23-0000-1,2023/10/23,forward_looking,0.6,埃塞俄比亚总理威胁红海邻国，可能引发区域地缘政治紧张，对红海航运通道构成潜在风险。,threatening | Red Sea neighbors,"consumer goods, electronics, automotive parts, oil",,"Ethiopia, Red Sea",why abiy ahmed threatening ethiopias red sea neighbors,https://tesfanews.net/why-abiy-ahmed-threatening-ethiopias-red-sea-neighbors/,why abiy ahmed threatening ethiopias red sea neighbors,1,0,not_warning,Ethiopia's diplomatic dispute is unrelated to Houthi attacks causing the crisis.
red_sea_crisis_2023,red_sea_crisis_2023-2023-10-31-0001-1,2023/10/31,forward_looking,0.75,也门胡塞武装警告若加沙战争持续将发动更多袭击，该威胁可能波及红海及亚丁湾航运通道，对全球物流构成潜在风险。,vow more attacks | war in gaza continues,"consumer goods, electronics, automotive parts, oil",,"Yemen, Israel, Gaza",yemens houthi rebels vow more attacks on israel if war in gaza continues 2628761,https://www.newindianexpress.com/nation/2023/oct/31/yemens-houthi-rebels-vow-more-attacks-on-israel-if-war-in-gaza-continues-2628761.html,yemens houthi rebels vow more attacks on israel if war in gaza continues 2628761,0,0,not_warning,"Signal targets Israel, not shipping; lacks specific Red Sea threat."
red_sea_crisis_2023,red_sea_crisis_2023-2023-05-16-0000-1,2023/5/16,forward_looking,0.75,俄罗斯公布苏伊士运河替代路线计划，可能改变未来亚欧航运格局与物流路径。,reveals plans | suez canal substitute,,,,russia reveals plans for suez canal substitute,https://www.bignewsnetwork.com/news/273866662/russia-reveals-plans-for-suez-canal-substitute,,1,1,,
red_sea_crisis_2023,red_sea_crisis_2023-2023-07-23-0001-1,2023/7/23,forward_looking,0.65,联合国表示救援队即将开始在也门海域抽取一艘生锈油轮内的原油，该油轮停泊位置可能对周边航运通道及原油运输构成潜在物流与环境风险。,salvage team | siphoning oil | rusting tanker | moored off yemen,,,,a salvage team is set to begin siphoning oil out of rusting tanker moored off yemen un says,https://www.winnipegfreepress.com/world/2023/07/23/a-salvage-team-is-set-to-begin-siphoning-oil-out-of-rusting-tanker-moored-off-yemen-un-says,,1,1,,
red_sea_crisis_2023,red_sea_crisis_2023-2023-09-15-0002-1,2023/9/15,latent,0.75,沙特阿拉伯邀请也门胡塞武装代表团赴利雅得举行停火谈判。也门局势及胡塞武装活动持续对红海/曼德海峡航运通道构成潜在威胁，可能影响亚欧航线物流。,saudi arabia invites | houthi delegation | ceasefire talks,,,,saudi arabia invites yemens houthi delegation riyadh ceasefire talks spa 2023 09 14,https://www.reuters.com/world/middle-east/saudi-arabia-invites-yemens-houthi-delegation-riyadh-ceasefire-talks-spa-2023-09-14/,,1,1,,
red_sea_crisis_2023,red_sea_crisis_2023-2023-10-10-0000-1,2023/10/10,forward_looking,0.75,伊拉克与也门的伊朗盟友因美国干预以色列局势而发出威胁，可能引发中东地区地缘政治紧张，进而威胁霍尔木兹海峡及红海航运安全与能源供应。,threaten U S | intervention in Israel,,,,Iran s allies in Iraq Yemen threaten U S over intervention in Israel 45029745,https://www.marketscreener.com/news/latest/Iran-s-allies-in-Iraq-Yemen-threaten-U-S-over-intervention-in-Israel-45029745/,,1,1,,
renesas_earthquake_2016,renesas_earthquake_2016-2016-01-20-0000-1,2016/1/20,forward_looking,0.75,俄克拉荷马州预警将发生多次地震活动，可能对当地能源基础设施及物流构成潜在威胁。,42 temblor | 5 earthquakes | to rattle oklahoma,"oil, natural gas",,Oklahoma,42 temblor among 5 earthquakes to rattle oklahoma,http://www.newschannel6now.com/story/31004593/42-temblor-among-5-earthquakes-to-rattle-oklahoma,42 temblor among 5 earthquakes to rattle oklahoma,0,0,not_warning,Oklahoma earthquakes are unrelated to the Japan-based Renesas event.
renesas_earthquake_2016,renesas_earthquake_2016-2016-01-27-0000-1,2016/1/27,forward_looking,0.65,俄勒冈州沿海数据浮标发出预警，可能预示毁灭性地震即将发生，或将对美洲西海岸港口物流及农业、消费品供应链造成潜在冲击。,could be precursor | devastating earthquake,"agricultural products, consumer goods",,"Oregon, USA",311031 Data buoy warning of event off coast of Oregon could be precursor to devastating earthquake Mainstream media immediately downplays event,http://www.sott.net/article/311031-Data-buoy-warning-of-event-off-coast-of-Oregon-could-be-precursor-to-devastating-earthquake-Mainstream-media-immediately-downplays-event,311031 Data buoy warning of event off coast of Oregon could be precursor to devastating earthquake Mainstream media immediately downplays event,0,0,not_warning,Oregon earthquake unrelated to Japan Renesas event.
renesas_earthquake_2016,renesas_earthquake_2016-2016-02-11-0001-1,2016/2/11,forward_looking,0.6,洛杉矶及类似地区地震风险翻倍，可能影响西海岸港口物流及制造业供应链。,los angeles earthquakes | double earthquake risk,"consumer goods, agricultural products, electronics",,"Los Angeles, California, USA",los angeles earthquakes similar areas more double earthquake risk,http://www.natureworldnews.com/articles/19846/20160210/los-angeles-earthquakes-similar-areas-more-double-earthquake-risk.htm,los angeles earthquakes similar areas more double earthquake risk,0,0,not_warning,"Signal concerns US West Coast, not Japan where Renesas is located."
renesas_earthquake_2016,renesas_earthquake_2016-2016-03-30-0000-1,2016/3/30,forward_looking,0.65,水力压裂（fracking）作业引发的人为地震风险，可能威胁当地油气开采设施及周边基础设施，进而影响能源供应链。,fracking fallout | at risk of | man made earthquakes,"oil, natural gas",,,fracking fallout 7 9 million at risk of man made earthquakes,http://www.wbap.com/news/fracking-fallout-7-9-million-at-risk-of-man-made-earthquakes/,fracking fallout 7 9 million at risk of man made earthquakes,0,0,not_warning,"Signal concerns fracking earthquakes, unrelated to the natural earthquake event."
renesas_earthquake_2016,renesas_earthquake_2016-2016-01-16-0000-1,2016/1/16,latent,0.5,俄克拉荷马州民众聚集州议会大厦表达对地震风险的担忧，该州为重要油气产区，潜在地震活动可能威胁能源开采与管道基础设施供应链。,earthquake concerns | pack capitol,,,,audio oklahomans pack capitol voice earthquake concerns,http://publicradiotulsa.org/post/audio-oklahomans-pack-capitol-voice-earthquake-concerns,,1,1,,
renesas_earthquake_2016,renesas_earthquake_2016-2016-02-04-0002-1,2016/2/4,latent,0.65,BC政府拨款应对重大地震风险，属自然灾害潜在威胁，可能影响当地基础设施、港口物流及大宗商品供应链。,allocate funds | major earthquake,,,,BC governments allocate funds for major earthquake 1013290W,http://journalofcommerce.com/Government/News/2016/2/BC-governments-allocate-funds-for-major-earthquake-1013290W/,,1,1,,
russia_ukraine_war_2022,russia_ukraine_war_2022-2022-01-27-0006-1,2022/1/27,forward_looking,0.85,乌克兰危机升级，外交进展缓慢且相互威胁增加，可能导致关键商品（粮食、能源）供应链中断风险上升。,ukraine crisis | tensions rise | mutual threats,"agricultural products, natural gas, fertilizers",,"Ukraine, Russia",ukraine crisis slow diplomacy and mutual threats as tensions rise,https://www.beijingbulletin.com/news/272237479/ukraine-crisis-slow-diplomacy-and-mutual-threats-as-tensions-rise,ukraine crisis slow diplomacy and mutual threats as tensions rise,1,0,warning,Substantive precursor linking rising tensions to supply chain disruption risks.
russia_ukraine_war_2022,russia_ukraine_war_2022-2022-02-16-0004-1,2022/2/16,forward_looking,0.85,"NATO envoy states no clear sign of de-escalation in Ukraine conflict, indicating ongoing risk of supply disruptions for key commodities like grain and energy.",no clear sign of de escalation | ukraine conflict,"agricultural products, energy, fertilizers",,"Ukraine, Europe",no clear sign of de escalation in ukraine conflict says nato envoy 27913,https://www.thefirstnews.com/article/no-clear-sign-of-de-escalation-in-ukraine-conflict-says-nato-envoy-27913,no clear sign of de escalation in ukraine conflict says nato envoy 27913,0,0,not_warning,Generic boilerplate; no specific evidence of imminent invasion or unique disruption risk.
russia_ukraine_war_2022,russia_ukraine_war_2022-2022-02-18-0002-1,2022/2/18,forward_looking,0.85,美国认为俄罗斯可能在数日内入侵乌克兰，引发对全球粮食、天然气及化肥供应链中断的担忧。,ukraine invasion could happen | within the next several days,"agricultural products, natural gas, fertilizers","Ukraine, Russia","Ukraine, Russia",2022 02 17 us believes ukraine invasion could happen within the next several days,https://woc1420.iheart.com/content/2022-02-17-us-believes-ukraine-invasion-could-happen-within-the-next-several-days/,2022 02 17 us believes ukraine invasion could happen within the next several days,1,0,warning,Specific US intelligence forecast correctly predicted imminent invasion timing.
russia_ukraine_war_2022,russia_ukraine_war_2022-2022-02-18-0010-1,2022/2/18,forward_looking,0.85,俄罗斯计划举行核演习，俄乌紧张局势升级，可能引发地缘政治冲突，进而影响能源和粮食供应链。,russia to stage nuclear drills | ukraine tensions high,"energy, agricultural products","Russia, Ukraine","Russia, Ukraine",russia to stage nuclear drills with ukraine tensions high,https://afn.net/ap/world/russia-to-stage-nuclear-drills-with-ukraine-tensions-high/,russia to stage nuclear drills with ukraine tensions high,1,0,warning,Specific military escalation directly preceded invasion onset.
russia_ukraine_war_2022,russia_ukraine_war_2022-2022-02-22-0003-1,2022/2/22,forward_looking,0.85,欧盟部长即将决定对俄罗斯实施制裁，可能引发能源、粮食及金属等关键商品供应链中断。,EU ministers to decide | Russian sanctions,"energy, agricultural products, metals",European Union,"Russia, Ukraine, European Union",the latest on russia ukraine crisis eu ministers to decide on russian sanctions,https://www.wnewsj.com/top-stories/194535/the-latest-on-russia-ukraine-crisis-eu-ministers-to-decide-on-russian-sanctions,the latest on russia ukraine crisis eu ministers to decide on russian sanctions,1,0,warning,Substantive prediction of supply chain disruption preceding the war onset.
russia_ukraine_war_2022,russia_ukraine_war_2022-2022-02-22-0005-1,2022/2/22,forward_looking,0.75,俄乌危机可能影响北溪2号管道，进而导致英国天然气价格波动,russia ukraine crisis | affect uk gas prices,natural gas,Nord Stream 2,"Russia, Ukraine, UK",19942748.nord stream 2 pipeline russia ukraine crisis affect uk gas prices,https://www.dunfermlinepress.com/news/trendingacrossscotland/19942748.nord-stream-2-pipeline-russia-ukraine-crisis-affect-uk-gas-prices/,19942748.nord stream 2 pipeline russia ukraine crisis affect uk gas prices,0,0,not_warning,"Discusses economic impact, not the military invasion itself."
russia_ukraine_war_2022,russia_ukraine_war_2022-2021-01-21-0000-1,2021/1/21,forward_looking,0.75,网络安全专家警告乌克兰危机可能引发网络攻击，进而影响能源、农业等关键基础设施供应链,cybersecurity pros warn | ukraine crisis could spur,,,,cybersecurity pros warn ukraine crisis could spur ,https://www.washingtontimes.com/news/2022/jan/20/cybersecurity-pros-warn-ukraine-crisis-could-spur-/,,1,1,,
russia_ukraine_war_2022,russia_ukraine_war_2022-2022-02-07-0004-1,2022/2/7,forward_looking,0.9,美国高级官员警告俄罗斯可能随时入侵乌克兰，引发对能源、粮食及金属供应链中断的担忧。,invasion could come any day,,,,top biden aide says ukraine invasion could come any day,https://www.fox17online.com/news/politics/top-biden-aide-says-ukraine-invasion-could-come-any-day,,1,1,,
russia_ukraine_war_2022,russia_ukraine_war_2022-2022-02-14-0005-1,2022/2/14,forward_looking,0.85,英国首相鲍里斯·约翰逊警告称，鉴于俄罗斯入侵的担忧，乌克兰局势非常危险，可能引发地缘政治冲突并影响供应链。,warns | very very dangerous situation | russia invasion fears,,,,boris johnson warns of very very dangerous situation in ukraine amid russia invasion fears,https://www.iwradio.co.uk/news/sky-news/boris-johnson-warns-of-very-very-dangerous-situation-in-ukraine-amid-russia-invasion-fears/,,1,1,,
russia_ukraine_war_2022,russia_ukraine_war_2022-2022-02-17-0001-1,2022/2/17,forward_looking,0.75,亚洲能源市场密切关注俄乌冲突可能带来的后续影响，存在供应中断或价格波动的潜在风险。,watching for | fallout,,,,asias energy markets watching for russia ukraine fallout,https://www.hellenicshippingnews.com/asias-energy-markets-watching-for-russia-ukraine-fallout/,,1,1,,
taiwan_strait_crisis_2022,taiwan_strait_crisis_2022-2022-06-25-0001-1,2022/6/25,forward_looking,0.85,中国警告将对佩洛西访台采取军事回应，引发台海地缘政治紧张，可能影响全球半导体供应链。,warns | military response | taiwan trip,semiconductors,,"Taiwan, China",china warns of military response to pelosis taiwan trip ft,https://www.parisguardian.com/news/272630736/china-warns-of-military-response-to-pelosis-taiwan-trip-ft,china warns of military response to pelosis taiwan trip ft,1,0,warning,Directly links military threat to supply chain disruption before crisis onset.
taiwan_strait_crisis_2022,taiwan_strait_crisis_2022-2022-07-22-0000-1,2022/7/22,forward_looking,0.75,佩洛西暗示美军可能因担心中国击落其飞机而面临风险，引发台海地缘政治紧张局势升级的担忧，可能影响全球半导体供应链稳定。,may be afraid | shoot down | over taiwan,semiconductors,"TSMC, Samsung","Taiwan, China",us military may be afraid china will shoot down pelosis plane over taiwan pelosi says,https://americanmilitarynews.com/2022/07/us-military-may-be-afraid-china-will-shoot-down-pelosis-plane-over-taiwan-pelosi-says/,us military may be afraid china will shoot down pelosis plane over taiwan pelosi says,1,0,warning,Directly links specific threat to imminent crisis escalation.
taiwan_strait_crisis_2022,taiwan_strait_crisis_2022-2022-07-25-0001-1,2022/7/25,forward_looking,0.85,中国警告美国众议院议长佩洛西计划访问台湾，引发台海地缘政治紧张局势，可能影响全球半导体供应链稳定。,warns | planned visit to taiwan,semiconductors,"TSMC, Samsung","Taiwan, China, United States",china warns us over house speaker nancy pelosis planned visit to taiwan,https://www.democracynow.org/2022/7/25/headlines/china_warns_us_over_house_speaker_nancy_pelosis_planned_visit_to_taiwan,china warns us over house speaker nancy pelosis planned visit to taiwan,1,0,warning,Direct diplomatic warning preceding the crisis onset date.
taiwan_strait_crisis_2022,taiwan_strait_crisis_2022-2022-07-28-0000-1,2022/7/28,forward_looking,0.85,中国警告若美国众议院议长佩洛西访问台湾，美国将承担严重后果，暗示台海地缘政治紧张局势升级，可能影响半导体供应链稳定。,serious consequence | if pelosi visits taiwan,semiconductors,,"Taiwan, United States",us will bear erious consequence if pelosi visits taiwan china,https://www.malaysiasun.com/news/272634169/us-will-bear-erious-consequence-if-pelosi-visits-taiwan-china,us will bear erious consequence if pelosi visits taiwan china,1,0,warning,Direct diplomatic threat preceding the specific event onset.
taiwan_strait_crisis_2022,taiwan_strait_crisis_2022-2022-07-30-0001-1,2022/7/30,forward_looking,0.85,佩洛西访台可能引发台海危机，威胁全球半导体供应链稳定,could | spark | crisis,semiconductors,"TSMC, GlobalFoundries","Taiwan, Taiwan Strait",could pelosi%E2%80%99s visit spark next taiwan straits crisis 203908,https://nationalinterest.org/blog/buzz/could-pelosi%E2%80%99s-visit-spark-next-taiwan-straits-crisis-203908,could pelosi%E2%80%99s visit spark next taiwan straits crisis 203908,1,0,warning,Substantive prediction of crisis triggered by specific visit before onset.
taiwan_strait_crisis_2022,taiwan_strait_crisis_2022-2022-08-01-0001-1,2022/8/1,forward_looking,0.85,Pelosi 访问台湾及美国国会推动削弱一个中国政策的法案，加剧台海地缘政治紧张局势，可能引发中国对美台科技供应链（特别是半导体）的报复性制裁或出口管制。,pelosi taiwan visit looms | menendez bill would gut one china policy,semiconductors,"TSMC, ASML","Taiwan, United States, China",as pelosi taiwan visit looms menendez bill would gut one china policy,https://responsiblestatecraft.org/2022/08/01/as-pelosi-taiwan-visit-looms-menendez-bill-would-gut-one-china-policy/,as pelosi taiwan visit looms menendez bill would gut one china policy,1,0,warning,Directly links specific political triggers to imminent geopolitical escalation.
taiwan_strait_crisis_2022,taiwan_strait_crisis_2022-2022-03-04-0001-1,2022/3/4,forward_looking,0.85,Pelosi支持停止进口俄罗斯石油，可能导致关键能源供应中断和价格波动,supports halting | Russian oil imports,,,,Pelosi supports halting Russian oil imports to 16975444.php,https://www.newstimes.com/news/article/Pelosi-supports-halting-Russian-oil-imports-to-16975444.php,,1,1,,
taiwan_strait_crisis_2022,taiwan_strait_crisis_2022-2022-06-25-0000-1,2022/6/25,latent,0.85,美军在台湾海峡进行飞行活动，地缘政治紧张局势升级，潜在威胁半导体供应链稳定,taiwan strait flyover | heightened tensions,,,,us military conducts taiwan strait flyover amid heightened tensions,https://news.antiwar.com/2022/06/24/us-military-conducts-taiwan-strait-flyover-amid-heightened-tensions/,,1,1,,
taiwan_strait_crisis_2022,taiwan_strait_crisis_2022-2022-07-25-0000-1,2022/7/25,forward_looking,0.9,中国警告将对佩洛西访台采取军事回应，引发台海地缘政治紧张，可能影响全球半导体供应链。,warns | military response | taiwan trip,,,,china warns of military response to pelosis taiwan trip ft,https://www.parisguardian.com/news/272630736/china-warns-of-military-response-to-pelosis-taiwan-trip-ft,,1,1,,
taiwan_strait_crisis_2022,taiwan_strait_crisis_2022-2022-07-31-0000-1,2022/7/31,forward_looking,0.85,中国宣布军事演习，因佩洛西可能访问台湾，引发对台海局势升级及半导体供应链中断的担忧。,military exercises | pelosis possible trip | taiwan looms,,,,china announces military exercises as pelosis possible trip to taiwan looms,https://www.wdiy.org/npr-news/npr-news/2022-07-30/china-announces-military-exercises-as-pelosis-possible-trip-to-taiwan-looms,,1,1,,
toyota_steel_explosion_2019,toyota_steel_explosion_2019-2019-02-22-0003-1,2019/2/22,forward_looking,0.85,美国大使表示对钢铝的关税可能在数周内取消，监管政策变动可能引发供应链成本与采购策略调整风险。,tariffs on steel aluminum | could be gone in weeks,"steel, aluminum",,United States,u s tariffs on steel aluminum could be gone in weeks ambassador says,https://www.northislandgazette.com/news/u-s-tariffs-on-steel-aluminum-could-be-gone-in-weeks-ambassador-says/,u s tariffs on steel aluminum could be gone in weeks ambassador says,0,0,not_warning,"Signal predicts tariff removal, not the explosion event."
toyota_steel_explosion_2019,toyota_steel_explosion_2019-2019-04-10-0000-1,2019/4/10,forward_looking,0.65,呼吁制定淡水战略以保护钢铁行业，提示水资源短缺可能对钢铁生产供应链构成潜在威胁。,calls for freshwater strategy | steel industry protection,steel,,,ramsey calls for freshwater strategy steel industry protection,https://windsorstar.com/business/ramsey-calls-for-freshwater-strategy-steel-industry-protection,ramsey calls for freshwater strategy steel industry protection,0,0,not_warning,Water shortage is unrelated to the steel explosion event.
toyota_steel_explosion_2019,toyota_steel_explosion_2019-2019-04-13-0001-1,2019/4/13,forward_looking,0.85,钢铁与水泥行业一季度盈利预期疲软，提示潜在需求冲击或成本上升风险，可能影响相关供应链财务稳定性。,softer q1 earnings seen | steel and cement firms,"steel, cement",,,softer q1 earnings seen for steel and cement firms,https://www.thestar.com.my/business/business-news/2019/04/12/softer-q1-earnings-seen-for-steel-and-cement-firms/,softer q1 earnings seen for steel and cement firms,0,0,not_warning,"Generic macro risk, not specific to Toyota or steel explosion."
toyota_steel_explosion_2019,toyota_steel_explosion_2019-2019-05-10-0000-1,2019/5/10,forward_looking,0.5,文本呼吁反对钢铁配额限制，暗示相关贸易监管政策可能出台或调整，存在供应链中断风险。,Say no to steel quotas,steel,,,article Say no to steel quotas,http://www.gilmermirror.com/view/full_story/27642907/article-Say-no-to-steel-quotas,article Say no to steel quotas,0,0,not_warning,Trade policy signal unrelated to specific manufacturing explosion event.
toyota_steel_explosion_2019,toyota_steel_explosion_2019-2019-05-23-0002-1,2019/5/23,forward_looking,0.85,英国钢铁企业寻找买家时间紧迫，若未能成功交易可能面临停产或破产，进而引发区域钢铁供应中断风险。,clock ticking | find british steel buyer,steel,British Steel,United Kingdom,clock ticking on efforts to find british steel buyer idUKKCN1ST1UL,https://uk.reuters.com/article/uk-britain-steel/clock-ticking-on-efforts-to-find-british-steel-buyer-idUKKCN1ST1UL,clock ticking on efforts to find british steel buyer idUKKCN1ST1UL,0,0,not_warning,UK steel crisis is unrelated to Toyota's Japanese steel supply chain.
toyota_steel_explosion_2019,toyota_steel_explosion_2019-2018-02-22-0001-1,2018/2/22,forward_looking,0.75,美国大使表示对钢铝征收的关税可能在数周内取消，反映贸易监管政策存在变动预期，可能影响相关金属供应链成本与流向。,tariffs on steel aluminum | could be gone in weeks,,,,u s tariffs on steel aluminum could be gone in weeks ambassador says,https://www.northislandgazette.com/news/u-s-tariffs-on-steel-aluminum-could-be-gone-in-weeks-ambassador-says/,,1,1,,
toyota_steel_explosion_2019,toyota_steel_explosion_2019-2019-02-22-0001-1,2019/2/22,forward_looking,0.7,大使表示钢铁和铝关税或将很快取消，涉及贸易监管政策调整,steel aluminum tariffs | lifted soon,,,,steel aluminum tariffs lifted soon ambassador,https://q107.com/news/4984640/steel-aluminum-tariffs-lifted-soon-ambassador/,,1,1,,
toyota_steel_explosion_2019,toyota_steel_explosion_2019-2019-04-24-0001-1,2019/4/24,forward_looking,0.5,爆炸事件威胁锂离子电池生产与供应链安全,explosions threatening | lithium ion,,,,explosions threatening lithium ion apos 090101430,https://finance.yahoo.com/news/explosions-threatening-lithium-ion-apos-090101430.html,,0,1,,
toyota_steel_explosion_2019,toyota_steel_explosion_2019-2019-05-18-0001-1,2019/5/18,forward_looking,0.9,美国宣布将取消对加拿大和墨西哥的钢铁和铝关税，涉及贸易监管政策调整，可能引发供应链采购策略与物流流向的短期重构。,lift tariffs | steel and aluminum,,,,us will lift tariffs steel and aluminum canada and mexico,https://www.wfdd.org/story/us-will-lift-tariffs-steel-and-aluminum-canada-and-mexico,,1,1,,
toyota_steel_explosion_2019,toyota_steel_explosion_2019-2019-05-25-0001-1,2019/5/25,forward_looking,0.65,加拿大总理特鲁多宣布将采取措施保护钢铁行业工人，暗示可能出台贸易保护或关税政策，或导致钢铁供应链成本上升或贸易流向调整。,will protect | steel industry workers,,,,canada will protect its steel industry workers pm justin trudeau 1471986,https://www.sootoday.com/local-news/canada-will-protect-its-steel-industry-workers-pm-justin-trudeau-1471986,,1,1,,
uaw_auto_strike_2023,uaw_auto_strike_2023-2023-06-30-0001-1,2023/6/30,forward_looking,0.85,美国商务部长雷蒙多的限制性立场可能阻碍全球科技合作，涉及华为等中国科技企业，存在出口管制或贸易壁垒风险。,restrictive stance | risks global tech cooperation,"semiconductors, telecommunications equipment",Huawei,"China, Global",bretons restrictive stance on huawei and chinese firms risks global tech cooperation,https://shanghaiist.com/bretons-restrictive-stance-on-huawei-and-chinese-firms-risks-global-tech-cooperation/,bretons restrictive stance on huawei and chinese firms risks global tech cooperation,0,0,not_warning,Topic mismatch: tech trade policy unrelated to auto labor strike.
uaw_auto_strike_2023,uaw_auto_strike_2023-2023-08-16-0000-1,2023/8/16,forward_looking,0.75,通用汽车等车企面临美国汽车工人联合会（UAW）罢工威胁，可能导致电动汽车生产中断。,potential uaw strike | ev production,"automotive parts, electric vehicles",UAW,United States,potential uaw strike ev production,https://www.bangordailynews.com/2023/08/15/news/nation/potential-uaw-strike-ev-production/,potential uaw strike ev production,1,0,warning,Specific threat of strike disrupting EV production before onset.
uaw_auto_strike_2023,uaw_auto_strike_2023-2023-09-11-0000-1,2023/9/11,forward_looking,0.85,UAW工会领导人和工人准备应对可能的罢工，因为公司提供的报价低于工会要求，可能导致汽车生产中断。,brace for possible strike | offers below union demands,"automotive parts, vehicles","UAW, automotive companies",United States,local uaw leaders workers brace for possible strike as companies make offers below union demands,https://indianapublicradio.org/news/2023/09/local-uaw-leaders-workers-brace-for-possible-strike-as-companies-make-offers-below-union-demands/,local uaw leaders workers brace for possible strike as companies make offers below union demands,1,0,warning,Direct precursor citing specific grievances and preparation for imminent strike action.
uaw_auto_strike_2023,uaw_auto_strike_2023-2023-09-12-0001-1,2023/9/12,forward_looking,0.85,UAW 潜在罢工可能影响消费者，暗示汽车供应链面临中断风险,potential uaw strike | could impact consumers,"automotive parts, vehicles",UAW,United States,potential uaw strike could impact consumers,https://www.13abc.com/2023/09/11/potential-uaw-strike-could-impact-consumers/,potential uaw strike could impact consumers,1,0,warning,Substantive forward-looking risk assessment preceding the actual strike onset.
uaw_auto_strike_2023,uaw_auto_strike_2023-2023-09-14-0003-1,2023/9/14,latent,0.85,汽车工会谈判进展缓慢，罢工威胁迫近，可能导致汽车生产中断。,negotiations making slow progress | strike looms,"automotive parts, vehicles","UAW, Auto Union",United States,auto union negotiations making slow progress as strike looms uaw president says,https://kxel.com/2023/09/13/auto-union-negotiations-making-slow-progress-as-strike-looms-uaw-president-says/,auto union negotiations making slow progress as strike looms uaw president says,1,0,warning,Directly predicts strike threat one day before actual onset.
uaw_auto_strike_2023,uaw_auto_strike_2023-2023-09-14-0006-1,2023/9/14,latent,0.85,美国汽车工人联合会（UAW）正在为历史性罢工做准备，可能引发汽车行业供应链中断。,prepares for historic strike,"automotive parts, vehicles",United Auto Workers,United States,eye opener united auto workers union prepares for historic strike,https://literock959.com/eye-opener-united-auto-workers-union-prepares-for-historic-strike/,eye opener united auto workers union prepares for historic strike,1,0,warning,Directly predicts strike preparation one day before onset.
uaw_auto_strike_2023,uaw_auto_strike_2023-2023-07-12-0000-1,2023/7/12,forward_looking,0.85,劳工专家警告通用、福特、斯特兰蒂斯（Big Three）与UAW的谈判可能引发罢工，威胁汽车供应链稳定。,warns | potential uaw strike | big three negotiations,,,,labor expert warns potential uaw strike big three negotiations,https://www.wilx.com/2023/07/11/labor-expert-warns-potential-uaw-strike-big-three-negotiations/,,1,1,,
uaw_auto_strike_2023,uaw_auto_strike_2023-2023-08-22-0000-1,2023/8/22,forward_looking,0.85,欧盟委员会确认计划对华为实施限制，可能影响其参与欧洲地平线计划及相关供应链合作,commission confirms | planning restrictions | huawei,,,,commission confirms it planning restrictions huawei horizon europe,https://sciencebusiness.net/news/sovereignty/commission-confirms-it-planning-restrictions-huawei-horizon-europe,,1,1,,
uaw_auto_strike_2023,uaw_auto_strike_2023-2023-09-07-0004-1,2023/9/7,latent,0.85,密歇根州州长惠特默正与全美汽车工人联合会（UAW）及汽车制造商进行谈判，以预防可能发生的罢工，存在潜在的供应链中断风险。,talking to uaw | avert strike,,,,michigan gov whitmer talking to uaw carmakers to avert strike 1.1968406,https://www.bnnbloomberg.ca/michigan-gov-whitmer-talking-to-uaw-carmakers-to-avert-strike-1.1968406,,1,1,,
us_china_tariff_war_2018,us_china_tariff_war_2018-2018-03-16-0000-1,2018/3/16,forward_looking,0.85,美国商会警告特朗普政府对中国加征关税可能带来的负面影响，暗示潜在的贸易壁垒和供应链成本上升风险。,warns | against | tariffs,"consumer goods, electronics, industrial machinery","US Chamber of Commerce, Trump Administration","United States, China",us chamber of commerce warns trump against china tariffs,http://www.abc-7.com/story/37736076/us-chamber-of-commerce-warns-trump-against-china-tariffs,us chamber of commerce warns trump against china tariffs,1,0,warning,Direct warning against tariffs preceding actual implementation.
us_china_tariff_war_2018,us_china_tariff_war_2018-2018-03-19-0001-1,2018/3/19,forward_looking,0.85,特朗普政府可能对中国加征关税，引发市场担忧和反对派紧急应对，预示贸易摩擦升级及供应链成本上升风险。,possible china tariffs | send opponents scrambling,"consumer goods, electronics, industrial machinery",Trump Administration,"United States, China",trumps possible china tariffs send opponents scrambling,https://macaudailytimes.com.mo/trumps-possible-china-tariffs-send-opponents-scrambling.html,trumps possible china tariffs send opponents scrambling,1,0,warning,Specific forward-looking prediction of tariffs preceding actual trade war onset.
us_china_tariff_war_2018,us_china_tariff_war_2018-2018-03-20-0000-1,2018/3/20,forward_looking,0.9,美国预计将于周五前对价值高达600亿美元的中国商品加征关税，可能引发贸易摩擦和供应链成本上升。,expected to impose | 60 bln in china tariffs | by friday,"consumer goods, electronics, industrial machinery","United States, China","United States, China",reuters america u s expected to impose up to 60 bln in china tariffs by friday sources,https://www.cnbc.com/2018/03/19/reuters-america-u-s-expected-to-impose-up-to-60-bln-in-china-tariffs-by-friday-sources.html,reuters america u s expected to impose up to 60 bln in china tariffs by friday sources,1,0,warning,Directly predicts specific tariff action preceding the trade war onset.
us_china_tariff_war_2018,us_china_tariff_war_2018-2018-03-22-0001-1,2018/3/22,forward_looking,0.85,美国预计将于周五对中国实施关税，贸易外交官表示已准备好相关工具，可能引发贸易摩擦和供应链成本上升。,set for china tariffs | by friday | has tools,"consumer goods, electronics, industrial machinery","United States, China","United States, China",u s set for china tariffs by friday as trade diplomat says has tools,https://www.hellenicshippingnews.com/u-s-set-for-china-tariffs-by-friday-as-trade-diplomat-says-has-tools/,u s set for china tariffs by friday as trade diplomat says has tools,1,0,warning,Specific forward-looking prediction of imminent tariffs preceding actual event onset.
us_china_tariff_war_2018,us_china_tariff_war_2018-2018-03-23-0002-1,2018/3/23,forward_looking,0.85,市场因美中贸易战担忧而暴跌，暗示潜在的关税或贸易限制措施可能扰乱全球供应链。,us china trade war fears,"consumer goods, electronics, agricultural products","United States, China","United States, China",global shares tank amid us china trade war fears,http://blouinnews.com/94861/story/global-shares-tank-amid-us-china-trade-war-fears,global shares tank amid us china trade war fears,1,0,warning,Pre-onset market reaction to specific trade war fears signals genuine risk.
us_china_tariff_war_2018,us_china_tariff_war_2018-2018-04-03-0002-1,2018/4/3,forward_looking,0.9,特朗普政府计划本周公布针对中国科技产品的关税清单，可能导致相关商品供应链成本上升及贸易摩擦加剧。,unveil china tariff list | targeting tech goods,"electronics, semiconductors",Trump Administration,"United States, China",trump to unveil china tariff list this week targeting tech goods 20180403,http://www.thegazette.com/subject/news/nation-and-world/trump-to-unveil-china-tariff-list-this-week-targeting-tech-goods-20180403,trump to unveil china tariff list this week targeting tech goods 20180403,1,0,warning,Accurately predicted specific tariff action preceding the official trade war onset.
us_china_tariff_war_2018,us_china_tariff_war_2018-2017-03-24-0000-1,2017/3/24,forward_looking,0.85,中国威胁对美国猪肉加征关税，可能导致美国猪肉出口面临需求冲击和价格下跌风险。,tariff threat | feel further chill,,,,u s pork to feel further chill from china tariff threat,https://www.grainews.ca/daily/u-s-pork-to-feel-further-chill-from-china-tariff-threat,,1,1,,
us_china_tariff_war_2018,us_china_tariff_war_2018-2018-03-24-0000-1,2018/3/24,forward_looking,0.85,中国威胁对美国猪肉加征关税，可能导致美国猪肉出口面临需求冲击和价格下跌风险。,tariff threat | feel further chill,,,,u s pork to feel further chill from china tariff threat,https://www.grainews.ca/daily/u-s-pork-to-feel-further-chill-from-china-tariff-threat,,1,1,,
us_china_tariff_war_2018,us_china_tariff_war_2018-2018-04-06-0004-1,2018/4/6,forward_looking,0.95,特朗普政府提议对中国加征1000亿美元关税，可能导致中美贸易摩擦升级及供应链成本上升。,requesting | 100 billion | additional china tariffs,,,,trump statement requesting 100 billion in additional china tariffs 2018 04 05,https://www.marketwatch.com/story/trump-statement-requesting-100-billion-in-additional-china-tariffs-2018-04-05,,1,1,,
us_china_tariff_war_2018,us_china_tariff_war_2018-2018-04-19-0001-1,2018/4/19,forward_looking,0.85,美国高粱种植者担心中国关税可能导致重大损失，预示贸易壁垒对农产品供应链的潜在冲击。,fear China tariffs | could cost,,,,US sorghum growers fear China tariffs could cost 12845728.php,https://www.beaumontenterprise.com/news/texas/article/US-sorghum-growers-fear-China-tariffs-could-cost-12845728.php,,1,1,,
us_chip_export_controls_2022,us_chip_export_controls_2022-2022-05-26-0003-1,2022/5/26,forward_looking,0.65,Chipotle员工因薪资与排班问题计划罢工集会，可能对局部门店运营及短期劳动力供应造成轻微影响。,workers striking | to rally,,Chipotle,"midtown, United States",chipotle workers striking for higher wages better schedules to rally in midtown,https://gothamist.com/news/chipotle-workers-striking-for-higher-wages-better-schedules-to-rally-in-midtown,chipotle workers striking for higher wages better schedules to rally in midtown,0,0,not_warning,"Signal concerns Chipotle labor, unrelated to US chip export controls."
us_chip_export_controls_2022,us_chip_export_controls_2022-2022-07-26-0003-1,2022/7/26,forward_looking,0.85,美国西部州长呼吁国会通过《芯片法案》，预示半导体供应链监管与补贴政策即将调整,call on congress | pass chips act,semiconductors,,"Oregon, United States",oregons brown other western governors call on congress to pass chips act,https://oregoncapitalchronicle.com/briefs/oregons-brown-other-western-governors-call-on-congress-to-pass-chips-act/,oregons brown other western governors call on congress to pass chips act,0,0,not_warning,"Chips Act is domestic subsidy, not export control disruption."
us_chip_export_controls_2022,us_chip_export_controls_2022-2022-08-10-0006-1,2022/8/10,forward_looking,0.85,美国《芯片与科学法案》旨在推动半导体制造回流本土，可能引发全球半导体供应链产能重组与地缘布局调整风险。,chips and science act | will bring,semiconductors,,United States,the new chips and science act will bring semiconductor chip manufacturing to the u s,https://www.wqcs.org/2022-08-09/the-new-chips-and-science-act-will-bring-semiconductor-chip-manufacturing-to-the-u-s,the new chips and science act will bring semiconductor chip manufacturing to the u s,0,0,not_warning,"Signal describes legislation intent, not the specific export control event."
us_chip_export_controls_2022,us_chip_export_controls_2022-2022-08-25-0001-1,2022/8/25,forward_looking,0.85,英伟达（Nvidia）预警第三季度业绩将面临挑战，受个人电脑（PC）市场低迷及销量下滑影响,forecasts challenging | pc slump | drop sales,"semiconductors, personal computers",Nvidia,,nvidia forecasts challenging q3 amid pc slump drop sales,http://www.itechpost.com/articles/113282/20220825/nvidia-forecasts-challenging-q3-amid-pc-slump-drop-sales.htm,nvidia forecasts challenging q3 amid pc slump drop sales,0,0,not_warning,"Signal cites PC market slump, unrelated to US export controls."
us_chip_export_controls_2022,us_chip_export_controls_2022-2022-09-01-0002-1,2022/9/1,forward_looking,0.85,英伟达因警告称对华限制措施可能损害其销售额而股价下跌，反映出口管制政策对半导体供应链及企业营收的潜在冲击。,china restriction | may hurt sales,semiconductors,NVIDIA,"China, United States",nvidia declines on warning that china restriction may hurt sales 1.1813088,https://www.bnnbloomberg.ca/nvidia-declines-on-warning-that-china-restriction-may-hurt-sales-1.1813088,nvidia declines on warning that china restriction may hurt sales 1.1813088,1,0,warning,Market reaction to specific policy threat precedes official export control implementation.
us_chip_export_controls_2022,us_chip_export_controls_2022-2022-04-18-0001-1,2022/4/18,forward_looking,0.7,智库预测俄罗斯可能在一周内攻占马里乌波尔。该城是黑海重要港口，其陷落可能导致粮食、钢铁等大宗商品出口物流中断。,will likely capture mariupol | in the coming week,,,,russia will likely capture mariupol in the coming week think tank says,https://www.forbes.com/sites/masonbissada/2022/04/17/russia-will-likely-capture-mariupol-in-the-coming-week-think-tank-says/,,1,1,,
us_chip_export_controls_2022,us_chip_export_controls_2022-2022-05-19-0000-1,2022/5/19,forward_looking,0.75,台湾半导体产业考虑与印度签署自由贸易协定（FTA），可能引发供应链区域布局与贸易流向调整。,inking fta | better option | taiwanese semiconductor industry,,,,inking fta india better option taiwanese semiconductor industry,http://www.dailynews.lk/2022/05/19/world/279078/inking-fta-india-better-option-taiwanese-semiconductor-industry,,1,1,,
us_chip_export_controls_2022,us_chip_export_controls_2022-2022-05-26-0000-1,2022/5/26,forward_looking,0.85,英国拟对北京收购英国芯片制造商Newport Wafer Fab展开调查，可能引发半导体供应链投资审查与潜在中断风险。,set probe | Beijing takeover | UK chipmaker | Newport Wafer Fab,,,,Kwasi set probe Beijing takeover UK chipmaker Newport Wafer Fab,https://www.thisismoney.co.uk/money/markets/article-10854631/Kwasi-set-probe-Beijing-takeover-UK-chipmaker-Newport-Wafer-Fab.html,,1,1,,
us_chip_export_controls_2022,us_chip_export_controls_2022-2022-07-11-0000-1,2022/7/11,forward_looking,0.75,欧洲部署美军坦克引发对白俄罗斯和俄罗斯军事侵略风险上升的警告，可能波及区域能源与农产品供应链,us tanks in europe | risk of military aggression,,,,chibisov the more us tanks in europe the higher the risk of military aggression for belarus and russ,https://www.sb.by/en/chibisov-the-more-us-tanks-in-europe-the-higher-the-risk-of-military-aggression-for-belarus-and-russ.html,,1,1,,
us_chip_export_controls_2022,us_chip_export_controls_2022-2022-09-12-0000-1,2022/9/12,forward_looking,0.85,台海紧张局势提醒科技企业需多元化芯片制造商以防范潜在供应中断风险。,taiwan china tensions | diversify chip manufacturers,,,,taiwan china tensions a reminder to tech diversify chip manufacturers,https://www.vernonmorningstar.com/business/taiwan-china-tensions-a-reminder-to-tech-diversify-chip-manufacturers/,,1,1,,
